MLA1426901710,Smart Tv Hitachi Cdh-le504ksmart26-f Led Google Tv 4k 50  220v,149149,MLA-TELEVISIONS,Hitachi
MLA1109741535,Smart Tv Samsung Series 7 Un50au7000gczb Led Tizen 4k 50  220v - 240v,184999,MLA-TELEVISIONS,Samsung
MLA1131372433,Smart Tv Philips 7400 Series 50pud7406/77 Led Android 10 4k 50  110v/240v,164999,MLA-TELEVISIONS,Philips
MLA1373525101,Smart Tv Tcl 50  4k Hdr Google Tv L50p735-f 220v,169999,MLA-TELEVISIONS,TCL
MLA1315761448,Smart Tv Noblex Dr50x7550 Led Android Tv 4k 50  220v,161449,MLA-TELEVISIONS,Noblex
MLA1148941757,Smart Tv Samsung Series 7 Un55au7000gczb Led Tizen 4k 55  220v - 240v,229999,MLA-TELEVISIONS,Samsung
MLA1438347432,Smart Noblex 50  91dk50x6550 4k Sistema Vidaa,179999,MLA-TELEVISIONS,Noblex
MLA1272818770,Tcl Led 55  L55p735 Uhd Google Tv-rv,179999,MLA-TELEVISIONS,TCL
MLA1361330332,Smart Tv Tcl L55p615 Led Android Pie 4k 55  100v/240v,187999,MLA-TELEVISIONS,TCL
MLA1119855175,Smart Tv Philips 7400 Series 55pud7406/77 Led 4k 55  110v/240v,202138.94,MLA-TELEVISIONS,Philips
MLA1148097342,Smart Tv Philips 43 4k Uhd Android  Pud7407/77 110v-240v,129999,MLA-TELEVISIONS,Philips
MLA1180032290,Smart Tv Marca Skyworth 55g3af Frameless Led 4k 55 Pulgadas Hdr 10 Android Tv Control Por Voz Google Assistant Chromecast Built-in,167999,MLA-TELEVISIONS,Skyworth
MLA1365592245,Smart Tv Enova 50 Pulgadas 4k Uhd Android Tv Frameless Cta,169999,MLA-TELEVISIONS,Enova
MLA1155298324,Hyundai Hyled-58uhd4,216999,MLA-TELEVISIONS,Hyundai
MLA1119648586,Smart Tv LG Ai Thinq 43up7750psb Lcd Webos 6.0 4k 43  100v/240v,203552,MLA-TELEVISIONS,LG
MLA1169508419,Smart Tv Led 55  Bgh B5522us6a Android,180999,MLA-TELEVISIONS,BGH
MLA1377082747,Smart Tv LG Ai Thinq 43uq8050psb Lcd Webos 4k 43  100v/240v,145999,MLA-TELEVISIONS,LG
MLA1150190526,Smart Tv Philips 65pud7906/77,326999,MLA-TELEVISIONS,Philips
MLA1388322500,Smart Tv 50 Pulgadas 4k Ultra Hd 50uq8050psb - LG,225256,MLA-TELEVISIONS,LG
MLA1360770820,Smart Tv Samsung Series 6 Qn55q65bagczb Qled Tizen 4k 55  220v - 240v,308325,MLA-TELEVISIONS,Samsung
MLA1205635843,Smart Tv Samsung Qn55q65bagxzd Qled Tizen 4k 55  100v/240v,346999,MLA-TELEVISIONS,Samsung
MLA1150939281,Smart Tv Hyundai Hyled-50uhd5a Android Tv 4k 50  220v,153999,MLA-TELEVISIONS,Hyundai
MLA1408972728,Smart Tv Rca And50p6uhd-f Led Google Tv 4k 50  100v/240v,149999,MLA-TELEVISIONS,RCA
MLA1372118223,Televisor Smart Hisense 50a64h 50  Led Uhd 4k,172099,MLA-TELEVISIONS,Hisense
MLA1119667622,Smart Tv LG Ai Thinq 50up7750psb Lcd Webos 6.0 4k 50  100v/240v,250441,MLA-TELEVISIONS,LG
MLA1219428108,Smart Tv Bgh Led Uhd 4k Android Pne040263 220v,154339,MLA-TELEVISIONS,BGH
MLA1411091794,Smart Tv Samsung Series 7 Un43au7000gczb Led Tizen 4k 43  220v - 240v,259999,MLA-TELEVISIONS,Samsung
MLA1419631182,Smart Tv Philips 55pud7906/77 Led Android 10 4k 55  110v/240v,217499.13,MLA-TELEVISIONS,Philips
MLA1325744970,Smart Tv Samsung Neo Qled 4k Qn43qn90bagczb Qled Tizen 4k 43  220v - 240v,407999,MLA-TELEVISIONS,Samsung
MLA1284308352,Samsung Neo Qled 4k Qn55qn85ba Qn55qn85bagczb,599999,MLA-TELEVISIONS,Samsung
MLA1141046427,Smart Tv Noblex Dm50x7550 Led Android Tv 4k 50  220v,198699,MLA-TELEVISIONS,Noblex
MLA1459888906,Smart Tv Hitachi Cdh-le554ksmart26 Led Android Tv 4k 55  100v/240v,238827,MLA-TELEVISIONS,Hitachi
MLA1463413584,Smart Tv Aoc 50u6125/77g Led Roku Os 4k 50  220v,133208,MLA-TELEVISIONS,AOC
MLA1433097606,Smart Tv Samsung Neo Qled 4k Qn50qn90bagczb Qled Tizen 4k 50  220v - 240v,489999,MLA-TELEVISIONS,Samsung
MLA1127604435,Smart Tv Tcl C71-series 55c715 Qled Android Tv 4k 55  100v/240v,246999,MLA-TELEVISIONS,TCL
MLA1373212295,Smart Tv Noblex Dr55x7550pi Led 4k 55'' Con Android Tv,208950,MLA-TELEVISIONS,Noblex
MLA1384530262,Smart Tv LG Evo Oled55c2psa Webos 22 4k 55  100v/240v,999999,MLA-TELEVISIONS,LG
MLA1223551494,Smart Tv Noblex 55 Pulgadas Dk55x6550 4k Uhd ,220889,MLA-TELEVISIONS,Noblex
MLA1205591494, Smart Tv Noblex Db58x7500 58  Led 4k Android Tv,194999,MLA-TELEVISIONS,Noblex
MLA1281867021,Tv Led 4k 50  Noblex Dk50x7500  Uhd Smart Netflix Tda,159999,MLA-TELEVISIONS,Noblex
MLA1377068429,Smart Tv LG Ai Thinq 55nano80spa Led Webos 6.0 4k 55  100v/240v,309999,MLA-TELEVISIONS,LG
MLA1266812455,Smart Tv Samsung Series 7 Un70au7000gczb Led Tizen 4k 70  220v - 240v,424999,MLA-TELEVISIONS,Samsung
MLA1364280753,Smart Tv Aoc 50u6295/77g,151199.16,MLA-TELEVISIONS,AOC
MLA1298753668,Smart Tv Noblex Dk75x7500pi Led Hdr 4k 75'' Con Google Tv,509999,MLA-TELEVISIONS,Noblex
MLA1327737488,Smart Tv Samsung Crystal Uhd Un65bu8000gxzd Led Tizen 4k 65  100v/240v,374999,MLA-TELEVISIONS,Samsung
MLA1377753865,Smart Tv Telefunken 50 4k Tk5022 Sintonizador Digital 220v,180799,MLA-TELEVISIONS,Telefunken
MLA1370676601,Smart Tv Noblex Dq50x9500pi Qled 4k 50'' Black Series Con Google Tv,269999,MLA-TELEVISIONS,Noblex
MLA1366605423,Smart Tv Philco Pld50hs22pi Led 4k 50  Negro 220v,190483.4,MLA-TELEVISIONS,Philco
MLA1381312975,Smart Tv Led Hisense 50a64h Uhd 50 Vidaa,134999,MLA-TELEVISIONS,Hisense
MLA1156552439,Smart Tv Rca And55fxuhd Lcd Android Tv 4k 55  220v - 240v,195899,MLA-TELEVISIONS,RCA
MLA1436478212,Smart Tv Noblex Dr50x7550 Led Android Tv 4k 50 ,143249,MLA-TELEVISIONS,Noblex
MLA1381480503,Smart Tv Samsung Neo Qled 4k Qn50qn90bagczb Qled Tizen 4k 50,489999,MLA-TELEVISIONS,Samsung
MLA1372224335,Smart Tv Samsung The Frame Qled 4k 55''  + Marco Beige,479999,MLA-TELEVISIONS,Samsung
MLA1119810206,Smart Tv Hisense A6 Series 50a64gsv Led 4k 50  220v,163999,MLA-TELEVISIONS,Hisense
MLA1429308342,Smart Tv LG Ai Thinq 60uq8050psb Led Webos 22 4k 60  100v/240v,299999,MLA-TELEVISIONS,LG
MLA1221179836,Smart Tv Kanji Kj-50st005 Led Android Kitkat 4k 50  100v/240v,167998.8,MLA-TELEVISIONS,Kanji
MLA1130729104,Smart Tv Bgh B5021uh6a Led Android Tv 4k 50  220v,188323,MLA-TELEVISIONS,BGH
MLA1333257105,Samsung Neo Qled 4k Qn65qn85ba Qn65qn85bagczb,699999,MLA-TELEVISIONS,Samsung
MLA1458169314,Smart Tv 55 Pulgadas 4k Ultra Hd Cdh-le554ksmart21 F - Hitachi,228845.33,MLA-TELEVISIONS,Hitachi
MLA1264827306,Noblex Dk75x7500,425999,MLA-TELEVISIONS,Noblex
MLA1403239540,Smart Tv Noblex Dk65x6550pi Led Hdr 4k 65'' Vidaa,325999,MLA-TELEVISIONS,Noblex
MLA1405998140,Smart Tv 50'' Led Rca And50p6uhd Google Play Hdr,153990,MLA-TELEVISIONS,RCA
MLA1378871459,Smart Tv Noblex Dk43x5150pi Led Full Hd 43'',129999,MLA-TELEVISIONS,Noblex
MLA1378873275,Smart Tv 55 Uled Hisense 55u60h 4k Google Tv,272999,MLA-TELEVISIONS,Hisense
MLA1125733990,LG Ai Thinq 70up775 70up7750psb,415999,MLA-TELEVISIONS,LG
MLA1157630356,Smart Tv Tcl L55p715 Led Android Pie 4k 55  220v,209999,MLA-TELEVISIONS,TCL
MLA1113740216,Led Tv Philips 55  Pud7406/77 Android Smart Netflix Prime 4k,202499.19,MLA-TELEVISIONS,Philips
MLA1132384604,Smart Tv Led 50  Philips 50pud7406/77 Android Tv 4k A12,222699,MLA-TELEVISIONS,Philips
MLA1311770996,Smart Tv Noblex Dr55x7550 Led 4k 55 Pulgadas Android Tv,224547,MLA-TELEVISIONS,Noblex
MLA1280863191,Smart Tv Motorola 50 Led Mt50y003a1b 4k Android Tv,165999,MLA-TELEVISIONS,Motorola
MLA1278038926,Smart Tv Hisense 9155a64h Led Vidaa 4k 55  220v,189999,MLA-TELEVISIONS,Hisense
MLA1377548847,Smart Tv Philco Predicta 94predictatv5521 Oled 4k 55  220v,418999,MLA-TELEVISIONS,Philco
MLA1361013100,Smart Tv LG 50 Pulgadas 50uq8050psb 4k Ultra Hd Thinq Ai,249999,MLA-TELEVISIONS,LG
MLA1442900676,Televisor LG Nanocell 50 4k Smart Tv 50nano80sqa,245999,MLA-TELEVISIONS,LG
MLA1179622054,Smart Tv Noblex Dr55x7550pi Led 4k Uhd 55  Android Tv,217999,MLA-TELEVISIONS,Noblex
MLA1374832965,Smart Tv Philco Pld50us22a Led 4k 50  220v,167499,MLA-TELEVISIONS,Philco
MLA1378729423,Smart Tv 65'' 4k Uhd Android | Rca | G65p8uhd,294499,MLA-TELEVISIONS,RCA
MLA1439351364,Smart Tv Tcl C835 Series Mini Led L55c835 Lcd Google Tv 4k 55  100v/240v,499999,MLA-TELEVISIONS,TCL
MLA1137227215,Smart Tv Rca And50fxuhd Led Android 4k 50  100v/240v,179839,MLA-TELEVISIONS,RCA
MLA1367580847,Smart Tv Samsung Neo Qled 4k Qn50qn90bagxzd Qled Tizen 4k 50  100v/240v,489999,MLA-TELEVISIONS,Samsung
MLA1330624209,Smart Tv Samsung Series 8 Un65bu8000gczb Led Tizen 4k 65  220v - 240v,374999,MLA-TELEVISIONS,Samsung
MLA1368826629,Smart Tv LG Uhd 43uq8050psb Thinq Ai 43 Pulgadas,156999,MLA-TELEVISIONS,LG
MLA1131161602,Smart Tv Samsung Series 7 Un70au7000gxzs Led Tizen 4k 70  100v/240v,424999,MLA-TELEVISIONS,Samsung
MLA1255874132,Smart Tv LG Ai Thinq 60up7750psb Lcd Webos 6.0 4k 60  100v/240v,281599,MLA-TELEVISIONS,LG
MLA1427568916,Smart Tv LG 55nano80sqa Led Webos 22 4k 55  100v/240v,304499,MLA-TELEVISIONS,LG
MLA900398392,Smart Tv Portátil Sanyo Lce50su9550 Led 4k 50  220v,178118.78,MLA-TELEVISIONS,Sanyo
MLA1279225988,Smart Tv Led 70 Pulgadas 4k 70a6h Hisense,325999,MLA-TELEVISIONS,Hisense
MLA1330402908,Smart Tv Kodak We-6xst005 4k 60  220v,219998,MLA-TELEVISIONS,Kodak
MLA1144381976,Xiaomi Mi Tv P1 43 L43m6-6a,286499,MLA-TELEVISIONS,Xiaomi
MLA879591724,Smart Tv Rca X55andtv Led Android Tv 4k 55  100v/240v,199999,MLA-TELEVISIONS,RCA
MLA1167238862,Televisor Samsung 55  Qled 4k Q65b,317999,MLA-TELEVISIONS,Samsung
MLA1362876319,Smart Tv 4k Led 50 Pulgadas Telefunken Tk5020uk6 Uhd Hdmi,150200,MLA-TELEVISIONS,Telefunken
MLA1215418658,Smart Tv Samsung Series 8 Qn55q80aagxzs Qled Tizen 4k 55  100v/240v,459999,MLA-TELEVISIONS,Samsung
MLA1261747838,Smart Tv Samsung Neo Qled 4k Qn75qn85bagczb Qled Tizen 4k 75  220v - 240v,999999,MLA-TELEVISIONS,Samsung
MLA1368840823,Tcl C635 Series 50c635,209879,MLA-TELEVISIONS,TCL
MLA1425545036,Smart Tv Skyworth 65suc9500 Android Tv 4k 65  220v,255999,MLA-TELEVISIONS,Skyworth
MLA1410732902,Smart Tv LG Ai Thinq 70uq8050psb Led Webos 22 4k 70  100v/240v,414999,MLA-TELEVISIONS,LG
MLA1323528342,Smart Tv 55 Tcl L55p725 4k Uhd Google Tv 240v,239999,MLA-TELEVISIONS,TCL
MLA1131148019,Smart Tv 50  Uhd 4k Hdmi Usb Un50au7000 Samsung,203599,MLA-TELEVISIONS,Samsung
MLA1219479054,Smart Tv Philips 7000 Serie 50pud7406/77 Led 4k 50  110v/240,181999,MLA-TELEVISIONS,Philips
MLA1459797324,Smart Tv Led 4k 43 LG 43uq8050psb Thinq Ai Netflix Youtube,152799,MLA-TELEVISIONS,LG
MLA1378328927,Smart Tv Samsung The Frame Qn55ls03bagxzs Qled Tizen 4k 55  100v/240v,499999,MLA-TELEVISIONS,Samsung
MLA1464127426,Smart Tv Samsung Series 7 Un65au7000gczb Led Tizen 4k 65  220v - 240v,319000,MLA-TELEVISIONS,Samsung
MLA1435236682,Smart Tv Noblex Dk65x7500 Led Google Tv 4k 65  220v,299999,MLA-TELEVISIONS,Noblex
MLA1117425885,Smart Tv Led 55  Philips 55pud7406/77 4k Uhd,209599,MLA-TELEVISIONS,Philips
MLA1376483031,Led Tv Philips 50 Pud7406/77 Android Smart Netflix Prime 4k,161499.15,MLA-TELEVISIONS,Philips
MLA1411979254,Smart Tv Led 4k 43 LG 43uq8050psb Thinq Ai Netflix Youtube,171999,MLA-TELEVISIONS,LG
MLA1410622042,Smart Tv 50'' Led Rca And50p6uhd Google Play Hdr,153990,MLA-TELEVISIONS,RCA
MLA1431367488,Smart Tv Led LG 75' 75up7760psb 4k Uhd Thinq Ai Hdr10 Pro,509999,MLA-TELEVISIONS,LG
MLA1240435782,Samsung Series 8 Un75bu8000g Un75bu8000gczb,579999,MLA-TELEVISIONS,Samsung
MLA1315070631,Smart Tv Noblex 50  4k Uhd Vidaa Hdmi Usb Dk50x6550,169899,MLA-TELEVISIONS,Noblex
MLA1375327775,Smart Tv 65 Pulgadas 4k Ultra Hd 65bu8000 - Samsung,352628,MLA-TELEVISIONS,Samsung
MLA1236146311,Smart Tv Kanji Kj-6xst005 Led 4k 60  220v - 240v,237799,MLA-TELEVISIONS,Kanji
MLA1364230461,Smart Tv Android 4k 50 Pulgadas Rca And50p6uhd Google Tda Bt,157894,MLA-TELEVISIONS,RCA
MLA1302137943,Smart Tv Philips 70pud7906/77,299999,MLA-TELEVISIONS,Philips
MLA1337974819,Smart Tv Tcl P735 Series 75p735 Lcd Google Tv 4k 75  100v/240v,474699,MLA-TELEVISIONS,TCL
MLA1316629248,Smart Tv Hisense 50u60h Uled 4k 50'' Con Google Tv,239999,MLA-TELEVISIONS,Hisense
MLA1365577298,Tcl Led 65 4k Hdr L65p735 Uhd Google Tv 220v,289866,MLA-TELEVISIONS,TCL
MLA905326045,Smart Tv Rca X50andtv Led Android Tv 4k 50  100v/240v,152899,MLA-TELEVISIONS,RCA
MLA1224456116,Smart Tv Hitachi Cdh-le504ksmart21-f Led Android Tv 4k 50  220v,249999,MLA-TELEVISIONS,Hitachi
MLA1160010107,Samsung 50  Neo Qled 4k Qn90b Tv Gaming,489999,MLA-TELEVISIONS,Samsung
MLA1169117885,Smart Tv Hisense H4318fh5 Led 3d 4k 43  100v/240v,228096,MLA-TELEVISIONS,Hisense
MLA1388500468,Smart Tv LG 43 Pulgadas 43uq8050psb 4k Uhd Ai Thinq Hdr,199999,MLA-TELEVISIONS,LG
MLA1260001328,Smart Tv Led Noblex Dk50x7500 4k 50 Google Tv Netflix ,257138.7,MLA-TELEVISIONS,Noblex
MLA1125109600,Samsung Series 7 Qn85q70aag Qn85q70aagxzs,1299999,MLA-TELEVISIONS,Samsung
MLA1156220135,Tcl 55c825,619999,MLA-TELEVISIONS,TCL
MLA1163234777,Tcl P725-series L50p725,169999,MLA-TELEVISIONS,TCL
MLA1126598429,Smart Tv Samsung 55 Uhd Led 4k Au7000 Gtía Oficial Bidcom,229999,MLA-TELEVISIONS,Samsung
MLA1361405209,Smart Tv LG Ai Thinq 55nano80spa Led 4k 55  100v/240v,329999,MLA-TELEVISIONS,LG
MLA1424533282,Smart Tv Samsung Series 6 Qn55q60aagczb Qled Tizen 4k 55  220v - 240v,359948.32,MLA-TELEVISIONS,Samsung
MLA1159892964,Smart Tv Samsung Series 7 Qn85q70aagczb Qled Tizen 4k 85  220v,919999,MLA-TELEVISIONS,Samsung
MLA884630597,Smart Tv Aoc 50u6295/78g Led 4k 50  110v/240v,156558.94,MLA-TELEVISIONS,AOC
MLA1201280540,Smart Tv LG Ai Thinq 65nano80spa Lcd Webos 6.0 4k 65  100v/240v,452888,MLA-TELEVISIONS,LG
MLA1150963166,Smart Tv 50  Hyundai Hyled-50uhd5a 4k 220v Ahora 12,192999,MLA-TELEVISIONS,Hyundai
MLA1436048628,Smart Tv Tcl C635 Series L50c635 Qled Google Tv 4k 50  220v,202490,MLA-TELEVISIONS,TCL
MLA1375439264,LG Evo Oled65c2psa,1199000,MLA-TELEVISIONS,LG
MLA1393730010,Led Smart Tv 50'' Aoc 50u612577g Roku Tv 4k Uhd,132999,MLA-TELEVISIONS,AOC
MLA1160757271,Samsung 55  Qled 4k Q65b,346999,MLA-TELEVISIONS,Samsung
MLA1117495114,Smart Tv Philips 50 Pulgadas 4k Uhd Android 50pud7406/77,170338.94,MLA-TELEVISIONS,Philips
MLA1219947504,Smart Tv Rca 65  And65p7uhd Ultra Hd 4k Android Tv 100v/240v,299999,MLA-TELEVISIONS,RCA
MLA1364418002,Smart Tv Philips Series 7 65oled707/77 Android 11 4k 65  110v/240v,659999,MLA-TELEVISIONS,Philips
MLA1378574093,Smart Tv Philips 6600 Series 50pud6654/77 Led Saphi 4k 50  110v/240v,241500,MLA-TELEVISIONS,Philips
MLA1184756900,Smart Tv Samsung Qn55q65bagxzd Qled 4k 55,417999,MLA-TELEVISIONS,Samsung
MLA1408903704,Televisor Smart LG 43uq8050psb 43 Led Uhd 4k Thin-q,160999,MLA-TELEVISIONS,LG
MLA1112131010,Smart Tv Samsung 85 Qn85q70aagczb Qled 4k Al Click Nuevo,1059999,MLA-TELEVISIONS,Samsung
MLA1438380642,Smart Tv 50 Bgh 4k Uhd Led Android B5022us6a - Rex,163044,MLA-TELEVISIONS,BGH
MLA1198406283,Smart Tv Philips 55pud7906/77 Led 4k 55  110v/240v,321999,MLA-TELEVISIONS,Philips
MLA1357307207,Business Tv Samsung 55 Bea-h Crystal Uhd 4k Smart Tv Negocio,211999,MLA-TELEVISIONS,Samsung
MLA1172497174,Televisor Smart Tv Samsung Series 7 Led 4k 50  Negro Ref Usb,159999,MLA-TELEVISIONS,Samsung
MLA1401595160,Smart Tv Philips 7000 Series 50pud7406/77 Android 10 4k 50 ,230001,MLA-TELEVISIONS,Philips
MLA1297824042,Smart Tv 75 Philips 8507 Series Android 75pud8507/77 4k Uhd,595899,MLA-TELEVISIONS,Philips
MLA1131833519,Smart Tv Samsung Series 7 Un50au7000gczb Led 4k 50  ,202376.41,MLA-TELEVISIONS,Samsung
MLA1370186643,Smart Tv Noblex Dk55x7500pi Led 4k 55'' Con Google Tv,201299,MLA-TELEVISIONS,Noblex
MLA1214274372,Smart Tv Bgh B5522us6a Uled 4k 55  220v,309803,MLA-TELEVISIONS,BGH
MLA1198277070,Smart Tv Philips 55pud7906/77 Led 4k 55  110v/240v,229999,MLA-TELEVISIONS,Philips
MLA1377900528,Smart Tv Tcl 55 Pulgadas L55p735 4k Hdr Google Tv,210999,MLA-TELEVISIONS,TCL
MLA1119750186,Smart Tv 55  Uhd 4k Crystal Hdmi Usb Un55au7000 Samsung,253099,MLA-TELEVISIONS,Samsung
MLA1290405051,Led Smart Tv 55  Daihatsu Dht55ch 4k Uhd Google Tv,248399,MLA-TELEVISIONS,Daihatsu
MLA1409621588,Smart Tv Samsung 55 Neo Qled 4k Uhd Qn55qn85ba Al Click,599999,MLA-TELEVISIONS,Samsung
MLA1464130166,Smart Tv Led 50 Bgh B5022uk6 Ultra Hd Netflix Youtube 220v,162990,MLA-TELEVISIONS,BGH
MLA1217052178,Smart Tv Philco Pld55hs2250pi Led 4k 55'',233515.77,MLA-TELEVISIONS,Philco
MLA1409531762,Smart Tv Tedge Led 50 Pulgadas Led Linux 4k 50  220v Ref,99999,MLA-TELEVISIONS,Tedge
MLA1114473453,Smart Tv Hyundai Hyled-50uhd5a 4k 50  220v,165900.69,MLA-TELEVISIONS,Hyundai
MLA1136584861,Sony X80j Series Kd-55x80j,849999,MLA-TELEVISIONS,Sony
MLA1171042011,Tv  Smart Qled  55p Qn55q65b Samsung,346999,MLA-TELEVISIONS,Samsung
MLA1322205896,Smart Tv Philco Pld50hs2250pi Led Hdr 4k 50'',169990,MLA-TELEVISIONS,Philco
MLA1158018512,Smart Tv 55 Philips 4k 7400 Series 55pud7406|77 Android,198499,MLA-TELEVISIONS,Philips
MLA1357138642,Smart Tv Samsung Series 6 Qn55q65bagczb Qled 4k 55  ,321199,MLA-TELEVISIONS,Samsung
MLA1219866235,Televisor Samsung 43  Neo Qled 4k Qn90b,407999,MLA-TELEVISIONS,Samsung
MLA1420470176,Smart Tv Samsung Qled 55pulgadas 4k The Frame Qn55ls03bagczb,499999,MLA-TELEVISIONS,Samsung
MLA1381496071,Smart Tv Uhd 4k 65   Bgh Android B6522us6a,295999,MLA-TELEVISIONS,BGH
MLA1410356870,Smart Tv Led 43  4k 43uq8050ps LG,199999,MLA-TELEVISIONS,LG
MLA1364243693,Smart Tv Android 4k 50 Pulgadas Rca And50p6uhd Google Bt Prm,249999,MLA-TELEVISIONS,RCA
MLA1212739834, Smart Tv Led 58 Noblex Db58x7500 4k Android Tv Google Play ,199999,MLA-TELEVISIONS,Noblex
MLA1220316002,Smart Tv Noblex 50 Dk50x7500 Android 4k Uhd,176218,MLA-TELEVISIONS,Noblex
MLA1112091907,Smart Tv Samsung 85 Qn85q70aagczb Qled 4k Techcel Ahora 18,1299999,MLA-TELEVISIONS,Samsung
MLA1316656010,Smart Tv Hisense 55a64h Led 4k 55'',204999,MLA-TELEVISIONS,Hisense
MLA1365347477,Smart Tv Led 50  4k L50p735 Go - Tcl,164999,MLA-TELEVISIONS,TCL
MLA1436542492,Smart Tv Noblex Dr50x7550 Led Android Tv 4k 50  ,181699,MLA-TELEVISIONS,Noblex
MLA927660768,Smart Tv Bgh B5021uh6a 50 Android 4kuhd Netflixyoutubeprime,244946,MLA-TELEVISIONS,BGH
MLA1146563968,43 4k Uhd Smart Tv Android Philips 43pud7407/77 Bluetooth,205809,MLA-TELEVISIONS,Philips
MLA1127560871,Smart Tv Android Qled 4k 55 Pulgada Tcl L55c715 Bt Dolby Csi,329999,MLA-TELEVISIONS,TCL
MLA1365657659,Led Smart Tv 50'' Aoc 50u612577g Roku Tv 4k Uhd,162059,MLA-TELEVISIONS,AOC
MLA1449097012,Samsung Series 8 Qn55q80aag Qn55q80aagczb,681525,MLA-TELEVISIONS,Samsung
MLA1361912025,Smart Tv 55 Pulgadas Uled 4k Ultra Hd 55u70g Hisense ,388799.1,MLA-TELEVISIONS,Hisense
MLA1220913339,Samsung Smart Tv Led 55'' Resolucion Uhd 4k Refabricado,189999,MLA-TELEVISIONS,Samsung
MLA1421815146,Smart Noblex 50  91dk50x6550pi 4k Sistema Vidaa,173999,MLA-TELEVISIONS,Noblex
MLA1316298328,Smart Tv Led Hisense 50a64h Uhd 50,134999,MLA-TELEVISIONS,Hisense
MLA1207440588,Smart Tv Noblex Dq50x9500pi Qled 4k 50'' Google Tv,251999,MLA-TELEVISIONS,Noblex
MLA1349038611,Samsung The Frame Qn55ls03aagc Qn55ls03aagczbc,574998.85,MLA-TELEVISIONS,Samsung
MLA1439409050,Smart Tv LG 55 Pulgadas 55nano80sqa Led 4k Uhd Webos 22,499999,MLA-TELEVISIONS,LG
MLA1373482667,Samsung The Frame Qn65ls03aag Qn65ls03aagxzd,535000,MLA-TELEVISIONS,Samsung
MLA1377592259,Candy 55sv1200,229900,MLA-TELEVISIONS,Candy
MLA1207104998,Smart Tv Philips 6600 Series Led 4k 50  Youtube Netflix Ref,149999,MLA-TELEVISIONS,Philips
MLA1342790743,Smart Tv LG Ai Thinq 50up7750psb Lcd 4k 50  100v/240v,434999,MLA-TELEVISIONS,LG
MLA1368839735,Smart Tv LG Ai Thinq 60uq8050psb Led Webos 22 4k 60 ,289999,MLA-TELEVISIONS,LG
MLA1184407449,Smart Tv 55 Noblex Dr55x7550 Led Android Google Play,292214,MLA-TELEVISIONS,Noblex
MLA1116126142,Samsung Q60a Smart Tv Qled 55 4k Qn55q60aagczb _ap,436874,MLA-TELEVISIONS,Samsung
MLA1108268424,Smart Tv Samsung 50 Pulgadas 4k Ultra Hd 50au7000,184999,MLA-TELEVISIONS,Samsung
MLA1117406408,Smart Tv Led 55  Philips 55pud7406/77 4k Uhd A12,273399,MLA-TELEVISIONS,Philips
MLA1224498279,Smart Tv Samsung 4k Uhd Au7000 55'' Hdr Un55au7000gczb,229999,MLA-TELEVISIONS,Samsung
MLA1281932357,Smart Tv Samsung Series 6 Qn55q65bagczb Qled 4k 55,339999,MLA-TELEVISIONS,Samsung
MLA1420393820,Smart Tv Philips 50  4k Android 7400 Series 50pud7406/77,167999,MLA-TELEVISIONS,Philips
MLA1439948442,Led Smart Google Tv Rca 50'' 4k Uhd And50p6uhd,154999,MLA-TELEVISIONS,RCA
MLA1172310248,Televisor Smart Tv Samsung Series 7 Led 4k 50  Refabricado,159999,MLA-TELEVISIONS,Samsung
MLA1262051381,Smart Tv 55  Noblex 4k Uhd Google Tv Dk55x7500,208999,MLA-TELEVISIONS,Noblex
MLA1364516337,Smart Tv Tcl Led 55 L55p735 Uhd Google Tv-rv,184999,MLA-TELEVISIONS,TCL
MLA1368923479,Smart Tv LG 55nano80sqa Led Webos 22 4k 55  ,305199,MLA-TELEVISIONS,LG
MLA1367375353,Smart Tv Samsung 55 Pulgadas Neo Qled 4k Qn55qn85bagczb,599999,MLA-TELEVISIONS,Samsung
MLA1368841439,Smart Tv Noblex Dk50x6550pi Led Hdr 4k 50'' Vidaa,189999,MLA-TELEVISIONS,Noblex
MLA1233172153,Smart Tv Philips 43 4k Uhd Android  Pud7407/77 110v-240v,181799,MLA-TELEVISIONS,Philips
MLA1363071661,Smart Tv LG Ai Thinq 65nano80sqa Lcd Webos 22 4k 65  100v/240v,419047,MLA-TELEVISIONS,LG
MLA1426868324,Smart Tv Tedge Led 50 Pulgadas Led Linux 4k 50  220v Ref,99999,MLA-TELEVISIONS,Tedge
MLA1435846588,Smart Tv Uhd 4k 60 LG 60un7310,329999,MLA-TELEVISIONS,LG
MLA1381078535, Led Smart Aoc 50 50u6295/77g Netflix Youtube Tv 4k Pcreg,175779,MLA-TELEVISIONS,AOC
MLA1240736522,Televisor Samsung Qled 4k Smart Tv 65 Q65b,472999,MLA-TELEVISIONS,Samsung
MLA1368505431,Televisor Tcl Uhd 50  4k L50p735 Google Tv,174899,MLA-TELEVISIONS,TCL
MLA1176229777,Smart Tv Hitachi Cdh-le504ksmart20 Led Android Tv 4k 50  110v/240v,233568,MLA-TELEVISIONS,Hitachi
MLA1465624074,Smart Tv Led De 55 LG Evo Oled55c2psa Ai Pro 4k Oled Webos,777999,MLA-TELEVISIONS,LG
MLA1179615538,Smart Tv Noblex Dr55x7550pi Led 4k Uhd 55  Android Tv,229999,MLA-TELEVISIONS,Noblex
MLA1421107116,Tv Skyworth 55g3af Frameless Led 4k 55 Pulgadas Sist Android,199499,MLA-TELEVISIONS,Skyworth
MLA1147827344,Smart Tv Tcl 75 Pulgadas Google Tv L75p725 4k Uhd Serie P725,500099,MLA-TELEVISIONS,TCL
MLA1230823244,Smart Tv Noblex 50  4k Uhd Google Tv Netflix Youtube Star+,173199,MLA-TELEVISIONS,Noblex
MLA1242324343,Smart Tv Noblex Dk75x7500pi Led Hdr 4k 75'' Con Google Tv,472999,MLA-TELEVISIONS,Noblex
MLA1128830649,Smart Tv Philips Led 55  4k Serie 7000 55pud7406/77 Android,219999,MLA-TELEVISIONS,Philips
MLA1167947082,Smart Tv Led 55  Samsung 4k 60hz Un55au7000gczb Mexx 1,248499,MLA-TELEVISIONS,Samsung
MLA1346619293,Smart Tv Samsung Series 6 Qn55q65bagczb Qled 4k 55 ,447999,MLA-TELEVISIONS,Samsung
MLA1273977963,Smart Tv Philips 7000 Series 50pud7406/77 Led 4k 50  ,174758,MLA-TELEVISIONS,Philips
MLA1206597366,Samsung Smart Tv Led Resolucion 4k Ultra Hd 40'' Refabricado,139999,MLA-TELEVISIONS,Samsung
MLA1428579206,Tcl Led 55  L55p735 Uhd Google Tv-rv,215606,MLA-TELEVISIONS,TCL
MLA1402039820,Smart Tv Samsung 55 Neo Qled 4k Uhd Qn55qn85ba Nuevo Gtia,599999,MLA-TELEVISIONS,Samsung
MLA1434438920,Smart Tv Rca Google 50  Ultra Hd 4 K Android Youtube Netflix,229800,MLA-TELEVISIONS,RCA
MLA1287067287,Smart Tv Samsung Series 6 Qn55q65bagczb 55 Pulgadas Qled 4k,499999,MLA-TELEVISIONS,Samsung
MLA1133883184,Smart Tv 55 Philips 4k 7000 Series 55pud7406|77,287999,MLA-TELEVISIONS,Philips
MLA1391754870,Smart Tv Philips 7000 Series 50pud7406/77 Android 10 4k 50,164999,MLA-TELEVISIONS,Philips
MLA1362135983,Smart Tv Tcl L55p735 55 4k Ultra Hd Led Google Tv-rv,261799,MLA-TELEVISIONS,TCL
MLA1265357494,Smart Tv Samsung Series 7 Un55au7000gczb Led 4k 55,230999,MLA-TELEVISIONS,Samsung
MLA1432670460,Smart Tv 55'' Qled 4k Q65b Samsung Airslim 220v - 240v,333999,MLA-TELEVISIONS,Samsung
MLA1148539193,Smart Tv Philips 4k 50  50pud7406/77,164999,MLA-TELEVISIONS,Philips
MLA1361870992,Samsung 55  The Frame Art Mode 4k Smart Tv Ls03b Beige,499999,MLA-TELEVISIONS,Samsung
MLA1185978880,Smart Tv Samsung Led 50´ 4k Ultra Hd Un50ru7100gczb,169999,MLA-TELEVISIONS,Samsung
MLA1380280123,Smart Tv Led 55'' Tcl L55p735 4k Ultra Hd,194999,MLA-TELEVISIONS,TCL
MLA1442093516,Smart Tv 65 Pulgadas Skyworth 4k Uhd Android Tv Frameless,314799,MLA-TELEVISIONS,Skyworth
MLA1157949064,Smart Tv 55 Philips 4k 7400 Series 55pud7406|77 Android,257999,MLA-TELEVISIONS,Philips
MLA1220624848,Smart Tv Noblex 50 Dk50x7500 Android 4k Uhd,229264,MLA-TELEVISIONS,Noblex
MLA1410732210,Smart Tv Samsung Frame 55 Pulgadas Qled 4k Qn55ls03ba Nuevo,499999,MLA-TELEVISIONS,Samsung
MLA1123962962,Smart Tv Philips 7000 Series 50pud7406/77 Led 4k 50  ,181250,MLA-TELEVISIONS,Philips
MLA1365653299,Led Smart Tv 50'' Aoc 50u612577g Roku Tv 4k Uhd,162059,MLA-TELEVISIONS,AOC
MLA1146594507,43 4k Uhd Smart Tv Android Philips 43pud7407/77 Bluetooth,235809,MLA-TELEVISIONS,Philips
MLA1380812379,Smart Tv LG Ai Thinq 43uq8050psb Lcd Webos 4k 43  100v/240v,253439.43,MLA-TELEVISIONS,LG
MLA1156345592,Televisor Samsung 75  Crystal Uhd Bu8000,629999,MLA-TELEVISIONS,Samsung
MLA1156352497,Smart Tv 4k Uhd Mini Qled 55 Tcl L55c825 120hz Google Tv Prm,1199999,MLA-TELEVISIONS,TCL
MLA1414262488,Smart Tv Telefunken 50 4k Tk5022 Sintonizador Digital 220v,135999,MLA-TELEVISIONS,Telefunken
MLA1381375719,Smart Tv Samsung Series 7 Un55au7000gczb Led Tizen 4k 55 ,249999,MLA-TELEVISIONS,Samsung
MLA1439478402,Smart Tv Led Rca 50  4k Google Tv And50p6uhd,228999,MLA-TELEVISIONS,RCA
MLA1126440000,Smart Tv Kanji Kj-50st005 Led 4k 50  Uhd Tv Hdmi Tda,168176.26,MLA-TELEVISIONS,Kanji
MLA1198412726,Smart Tv Philips 55pud7906/77 Led 4k 55  110v/240v,232299,MLA-TELEVISIONS,Philips
MLA1106919674,Smart Tv Tcl P-series 55p715 Dled Android Tv 4k 55  100v/240v,282162.89,MLA-TELEVISIONS,TCL
MLA1179022874,Smart Tv Samsung Series 7 Un50au7000gczb 4k 50 Cuo,260299,MLA-TELEVISIONS,Samsung
MLA1368638737,Smart Tv Samsung Neo Qled 4k Qn43qn90bagczb Qled Tizen 4k 43,407999,MLA-TELEVISIONS,Samsung
MLA1144094660,Smart Tv Tcl P725-series L50p725 Led 4k 50  ,206308.94,MLA-TELEVISIONS,TCL
MLA1380434385,Smart Tv Uhd 4k 65   Bgh Android B6522us6a Cuot,424699,MLA-TELEVISIONS,BGH
MLA1119655042,Smart Tv LG Ai Thinq 43up7750psb Lcd 4k 43  100v/240v,264818,MLA-TELEVISIONS,LG
MLA1179025035,Smart Tv Hitachi Cdh-le554ksmart20 Led Android Tv 4k 55  100v/240v,273600,MLA-TELEVISIONS,Hitachi
MLA1323579428,Tcl Led 55  L55p735 Uhd Google Tv-rv,204049,MLA-TELEVISIONS,TCL
MLA1220774046,Smart Tv Noblex 50 Led Dk50x7500 4k Android Cuo,219199,MLA-TELEVISIONS,Noblex
MLA1327396607,Smart Tv Samsung Crystal Uhd Un65bu8000gxzd Led 4k 65p Nuevo,374999,MLA-TELEVISIONS,Samsung
MLA1369038011,Smart Tv Rca And50fxuhd Led 4k 50  100v/240v Pcreg,243129,MLA-TELEVISIONS,RCA
MLA908642146,Televisor Smart Tv Rca X50andtv Led 4k 50  100v/240v,211823.89,MLA-TELEVISIONS,RCA
MLA1185978881,Smart Tv Samsung Led 50´´ Procesador Crystal 4k Uhd Wifi,169999,MLA-TELEVISIONS,Samsung
MLA1113629319,Smart Tv LG Ai Thinq Oled55a1psa Webos 6.0 4k 55  100v/240v,799999,MLA-TELEVISIONS,LG
MLA1206599970,Smart Tv Philips 6600 Series Led 4k 50  Refabricado Netflix,149999,MLA-TELEVISIONS,Philips
MLA1380832195,Smart Tv Tcl 50  4k Hdr Google Tv L50p735-f 220v,269481.22,MLA-TELEVISIONS,TCL
MLA1151649334,Samsung Series 7 Qn65q70aa Qn65q70aagczb,554990,MLA-TELEVISIONS,Samsung
MLA1375988770,LG Evo Oled77c2psa,1500000,MLA-TELEVISIONS,LG
MLA1284301837,Smart Tv Samsung Neo Qled 4k Qn85b 55 Mini Led 120hz 60w Rms,599999,MLA-TELEVISIONS,Samsung
MLA1138334413,Smart Tv Philips 7000 Series 50pud7406/77 Led 4k 50  ,178750,MLA-TELEVISIONS,Philips
MLA1439344252,Smart Tv Samsung The Frame Qn65ls03bakxzl Qled Tizen 4k 65  100v/240v,649999,MLA-TELEVISIONS,Samsung
MLA1113770743,Led Tv Philips 55  Pud7406/77 Android Smart Netflix Prime 4k,357519.2,MLA-TELEVISIONS,Philips
MLA1275781523,Smart Tv 4k Uhd 65 Samsung Crystal Bu8000 Un65bu8000 Tizen,374999,MLA-TELEVISIONS,Samsung
MLA1413396312,Smart Tv Led Nanocell 55 LG 55nano80sqa Webos 4k Uhd Gen5 Ai,289999,MLA-TELEVISIONS,LG
MLA1123290116,Smart Tv Samsung Series 7 Un55au7000gczb Led 4k 55 ,249939.07,MLA-TELEVISIONS,Samsung
MLA1461892402,Tv Kanji 50  Led 4k Smart Ultrahd Ultra Bass Wi-fi,181399,MLA-TELEVISIONS,Kanji
MLA1439911448,Led Smart Google Tv Rca 50'' 4k Uhd And50p6uhd,216999,MLA-TELEVISIONS,RCA
MLA1395733716,Smart Tv Tcl P725-series L50p725 Led 4k 50  Refabricado,149999,MLA-TELEVISIONS,TCL
MLA1198485859,Smart Tv Samsung Series 7 Led 4k 50  220v - 240v,203499,MLA-TELEVISIONS,Samsung
MLA1300917987,Smart Tv Philips 55pud7906/77 Led 4k 55  110v/240v,232299,MLA-TELEVISIONS,Philips
MLA1440291226,Led Smart Google Tv Rca 50'' 4k Uhd And50p6uhd,156549,MLA-TELEVISIONS,RCA
MLA1147855196,Smart Tv Samsung Series 7 Un50au7000gczb Led 4k 50  ,224230,MLA-TELEVISIONS,Samsung
MLA1442075412,Smart Tv Rca And50p6uhd Google Tv 4k 50 Bluetooth Chromecast,175999,MLA-TELEVISIONS,RCA
MLA1428935990,Tcl Mini Led Uhd 55 Google Tv-rv,483999,MLA-TELEVISIONS,TCL
MLA1396535086,Smart Tv Samsung Neo Qled 4k Qled Tizen 43  220v-240v,999999,MLA-TELEVISIONS,Samsung
MLA1319986254,Samsung Smart Tv Led 43'' Pulgadas Ultra Hd 4k Refabricado,149999,MLA-TELEVISIONS,Samsung
MLA1377506144,Smart Tv Rca X50andtv 4k 50  100v/240v,152899,MLA-TELEVISIONS,RCA
MLA1179562775,Smart Tv Samsung Series 7 Un50au7000gczb Led 4k 50,189999,MLA-TELEVISIONS,Samsung
MLA1364012567,Smart Tv Samsung Series 7 Un70au7000gczb Led Tizen 4k 70 ,419999,MLA-TELEVISIONS,Samsung
MLA1117543953,Smart Tv Samsung Series 6 Qn55q60aagczb Qled 4k 55  ,579990,MLA-TELEVISIONS,Samsung
MLA1368099583,Samsung Un70au7700g Un70au7000gcfv,424999,MLA-TELEVISIONS,Samsung
MLA899956213,Smart Tv Aoc 50u6295/77g Led 4k 50 ,178118.78,MLA-TELEVISIONS,AOC
MLA1147835669,Smart Tv Samsung Series 7 Un50au7000gczb Led 4k 50 ,191255,MLA-TELEVISIONS,Samsung
MLA903925295,Smart Tv Portátil Bgh B5018uh6 Led Ginga 4k 50  100v/240v,185000,MLA-TELEVISIONS,BGH
MLA1128240039,Smart Tv Philips 8516 Series 75pud8516/77 Led Android 10 4k 75  110v/240v,589999,MLA-TELEVISIONS,Philips
MLA1169569090,Samsung 65  Crystal Uhd Bu8000,374999,MLA-TELEVISIONS,Samsung
MLA1233455474,Tv Smart Philips Led 75  Pud8507 Ultra Hd 4k,595899,MLA-TELEVISIONS,Philips
MLA1461493856,Smart Tv Led 55'' Tcl L55p735 4k Ultra Hd,196949,MLA-TELEVISIONS,TCL
MLA1365585665,Smart Tv Tedge 50 Pulgadas Led Uhd Te50us21 Refabricado,129999,MLA-TELEVISIONS,Tedge
MLA1448042032,Noblex Dk65x6500,339999,MLA-TELEVISIONS,Noblex
MLA1379721523,Smart Tv Bgh B5522fs6a 4k,198607,MLA-TELEVISIONS,BGH
MLA1372237125,Smart Tv Samsung 55  The Frame Art Mode Qled 4k Uhd Ls03b,582999,MLA-TELEVISIONS,Samsung
MLA1192719333,Smart Tv Philips Series 50pud7406/77 Led 4k 50 Cuotas,238529,MLA-TELEVISIONS,Philips
MLA1194006311,Samsung 75  Neo Qled 4k Qn85b,999999,MLA-TELEVISIONS,Samsung
MLA1381272087,Smart Tv Samsung 55'' Qn55ls03bagczbc Frame Art Mode Qled 4k Uhd Marron,479999,MLA-TELEVISIONS,Samsung
MLA1169073081,Smart Tv Samsung 65 Uhd 4k Au7000 Un65au7000,384998.9,MLA-TELEVISIONS,Samsung
MLA1461443848,Led Smart Tv Google Tcl 50'' 4k Uhd L50p735,167659,MLA-TELEVISIONS,TCL
MLA1346254437,Smart Tv Samsung Series 6 Qn55q65bagczb Qled 4k 55 ,357999,MLA-TELEVISIONS,Samsung
MLA1373506585,Smart Tv Samsung 75'' 4k Dynamic Crystal Color Uhd Bu8000,599999,MLA-TELEVISIONS,Samsung
MLA1129357823,Smart Tv Philips 55  Led 4k 55pud7406/77,209999,MLA-TELEVISIONS,Philips
MLA1375021413,Smart Tv Led Rca 50  4k Google Tv And50p6uhd,156900,MLA-TELEVISIONS,RCA
MLA1444036148,Smart Tv Samsung Qn85q70aagcfv Qled 4k 85  220v,999999,MLA-TELEVISIONS,Samsung
MLA1243341610,Smart Tv Noblex Dk50x7500 50  Led 4k Ultra Hd,177728.99,MLA-TELEVISIONS,Noblex
MLA1109402785,Samsung 85  Qled 4k Smart Tv Q70a,999999,MLA-TELEVISIONS,Samsung
MLA1408342416,Smart Tv Samsung Series 9 Qn43qn90bagxzs Qled Tizen 4k 43  100v/240v,407999,MLA-TELEVISIONS,Samsung
MLA1107026410,Smart Tv Samsung Series 7 50 4k Uhd Un50au7000gczb A12,184999,MLA-TELEVISIONS,Samsung
MLA1433984000,Smart Tv  55  Bgh B5522us6a Uled Android Tv 4k ,189990,MLA-TELEVISIONS,BGH
MLA1361162412,Televisor Smart Tv Tedge Led 50 Led 4k 50  Prime Video Negro,299999,MLA-TELEVISIONS,Tedge
MLA1128259345,Led Tv Philips 65  Pud7906/77 Smart Android 4k Ambilight,343999,MLA-TELEVISIONS,Philips
MLA1123902459,Smart Tv Philips 7000 Series 50pud7406/77 Led 4k 50  ,212500,MLA-TELEVISIONS,Philips
MLA1379644915,Smart Tv Tcl 50 Pulgadas Android Tv L50p735-f 4k Hdr Otero,164298.94,MLA-TELEVISIONS,TCL
MLA1421681254,Smart Tv Hisense 65u60h Google Tv 4k 65  220v,359399,MLA-TELEVISIONS,Hisense
MLA1374212429,Smart Tv Samsung Series 6 Qn55q65bagczb Qled Tizen 4k 55  ,374758.8,MLA-TELEVISIONS,Samsung
MLA1133466937,Smart Tv Sony A80j Series Xr-65a80j Oled Android Tv 4k 65  110v/240v,1569998.99,MLA-TELEVISIONS,Sony
MLA1446778220,Smart Tv Roku 4k 50 Pulgadas Aoc 50u6125 Hdr Wifi Dolby Csi,175999,MLA-TELEVISIONS,AOC
MLA1162604078,Smart Tv Kanji 9809b Dled 4k 60  220v,285075,MLA-TELEVISIONS,Kanji
MLA1411002362,Smart Tv Samsung The Frame Qled 4k 55  + Marco 55  Nogal,499999,MLA-TELEVISIONS,Samsung
MLA1323512127,Philips Smart Tv Led 50'' 4k Ultra Hd Android Refabricado,149999,MLA-TELEVISIONS,Philips
MLA1214139078,Smart Tv Bgh B5522us6a Uled 4k 55  220v,238506,MLA-TELEVISIONS,BGH
MLA1356368455,Smart Tv Samsung Crystal Uhd Un65bu8000gxzd Led 4k 65p Nuevo,374999,MLA-TELEVISIONS,Samsung
MLA1128246156,Smart Tv Philips 7000 Series 50pud7406/77 Led 4k Android ,224689,MLA-TELEVISIONS,Philips
MLA1223592695,Smart Tv Noblex 65  Dk65x6550 4k Ultra Hd,322999,MLA-TELEVISIONS,Noblex
MLA1129957327,Smart Tv Samsung Un75au8000gxzd Led Tizen 4k 75  100v/240v,1197393,MLA-TELEVISIONS,Samsung
MLA1290983779,Smart Tv Philips 65pud7906/77 Led 4k 65  110v/240v,391850,MLA-TELEVISIONS,Philips
MLA1158236669,Smart Tv 70 Philips 4k Uhd Ambilight Android,352999,MLA-TELEVISIONS,Philips
MLA1361671213,Smart Tv Samsung 65 Pulgadas 4k Ultra Hd 65bu8000,399999,MLA-TELEVISIONS,Samsung
MLA1305966552,Smart Tv 55'' Samsung | Un55au7000gczb | 4k | Uhd,229999,MLA-TELEVISIONS,Samsung
MLA1385294158,Smart Tv Led Uhd 65 Pulgadas Control Por Voz Android Tv 4k,275998.8,MLA-TELEVISIONS,Kanji
MLA1412903806,Smart Tv Hisense 75u60h Uled Google Tv 4k 75  220v,599999,MLA-TELEVISIONS,Hisense
MLA1443991154,Smart Tv Samsung Series 8 Un75bu8000kxzl Led Tizen 4k 75  100v/240v,629999,MLA-TELEVISIONS,Samsung
MLA1242318888,Smart Tv Noblex Dk55x7500pi Led 4k 55'' Con Google Tv,219174.19,MLA-TELEVISIONS,Noblex
MLA1370221865,Smart Tv Samsung Series 8 Un75bu8000gczb Led Tizen 4k 75 ,649999,MLA-TELEVISIONS,Samsung
MLA1372025286,Hitachi Cdh-le654ksmart24-f,322433.02,MLA-TELEVISIONS,Hitachi
MLA1147411638,Smart Tv 4k 70 Pulgadas Samsung Au7000 Un70au7000a Hdr Tizen,424999,MLA-TELEVISIONS,Samsung
MLA1142665289,Televisor Samsung 65  The Frame Art Mode Qled 4k Smart Tv Ls,549999,MLA-TELEVISIONS,Samsung
MLA1429400580,Smart Tv Samsung 55'' Qn55ls03bagczbc Frame Art Mode Qled 4k,494899,MLA-TELEVISIONS,Samsung
MLA1113718107,Smart Tv Led 65p 4k 65pud7906a Philips,399999,MLA-TELEVISIONS,Philips
MLA1377005105,Smart Tv Samsung The Frame Qled 4k + Marco 65'' Beige,599999,MLA-TELEVISIONS,Samsung
MLA1275762394,Smart Tv 4k 65 Samsung Crystal Bu8000 Un65bu8000 Tizen Csi,519999,MLA-TELEVISIONS,Samsung
MLA1314562203,Smart Tv Samsung 43 Neo Qled 4k Tv Gaming Qn90b - Rex,471454,MLA-TELEVISIONS,Samsung
MLA1442195846,Smart Tv Samsung Series 8 Un75au8000gczb Led Tizen 4k 75  220v - 240v,799999,MLA-TELEVISIONS,Samsung
MLA1156537095,Smart Tv Rca X65andtv Led Android Tv 4k 65  100v/240v,276109,MLA-TELEVISIONS,RCA
MLA1166205690,Smart Tv Rca Google 65 Ultra Hd 4k Android Youtube Netflix,413599,MLA-TELEVISIONS,RCA
MLA1302503898,Smart Tv 4k Uhd 75 Samsung Crystal Bu8000 Un75bu8000 Tizen,629999,MLA-TELEVISIONS,Samsung
MLA1316655115,Smart Tv Hisense 75u60h Uled 4k 75'' Con Google Tv,549999,MLA-TELEVISIONS,Hisense
MLA1264011848,Smart Tv Motorola 50 Led Mt50y003a1b 4k Android Tv Cuo,227419,MLA-TELEVISIONS,Motorola
MLA1444036428,Smart Tv Samsung Crystal Uhd Un75bu8000gxzd Led Tizen 4k 75  100v/240v,629999,MLA-TELEVISIONS,Samsung
MLA1366946177,Smart Tv Samsung 65 Pulgadas Neo Qled 8k Qn65qn700bgczb,1199999,MLA-TELEVISIONS,Samsung
MLA1139208470,Smart Tv Philips 65pud7906/77 Led 4k 65  110v/240v,452419,MLA-TELEVISIONS,Philips
MLA1249078116,Smart Tv Samsung Neo Qled 4k 65  Qn65qn85bagczb,766999,MLA-TELEVISIONS,Samsung
MLA1339955383,Smart Tv Enova 50 Pulgadas 4k Ultra Hd Android Tv Frameless,173528,MLA-TELEVISIONS,Enova
MLA1212132212, Smart Tv Led 58 Noblex Db58x7500 4k Android Tv,263998.7,MLA-TELEVISIONS,Noblex
MLA1264897803,Smart Tv Noblex Dk75x7500 Led 4k 75  220v Cuo,583619,MLA-TELEVISIONS,Noblex
MLA1112111413,Smart Tv Samsung 85 Qn85q70aagczb Qled 4k Techcel Ahora 12,1299999,MLA-TELEVISIONS,Samsung
MLA1153314274,Smart Tv Samsung 75  Series 8  Crystal Uhd Bu8000,629999,MLA-TELEVISIONS,Samsung
MLA1133846024,Smart Tv 55 Philips 4k 7000 Series 55pud7406|77,366999,MLA-TELEVISIONS,Philips
MLA1372420877,Smart Tv Samsung 55'' Qn55ls03bagczbc Frame Art Mode Qled 4k,692899,MLA-TELEVISIONS,Samsung
MLA1434373872,Smart Tv Rca And50p6uhd-f Led Google Tv 4k 50  100v/240v,229800,MLA-TELEVISIONS,RCA
MLA1124818315,Smart Tv LG Ai Thinq 70up7750psb Led 4k 70  100v/240v,430999,MLA-TELEVISIONS,LG
MLA1377061963,Smart Tv 65'' 4k Uhd Rca G65p8uhd Android Google Chromecast ,322999,MLA-TELEVISIONS,RCA
MLA1373153082,Smart Tv Samsung Series 6 Qn55q65bagczb Qled 4k 55  220v,427059,MLA-TELEVISIONS,Samsung
MLA1291029042,Smart Tv Philips 65pud7906/77 Led 4k 65  110v/240v,334225,MLA-TELEVISIONS,Philips
MLA1245977530,Smart Tv Neo Qled 4k 65 Samsung Qn85b Qn65qn85ba 120hz Dolby,766999,MLA-TELEVISIONS,Samsung
MLA1401582696,Smart Tv Philips 65pud7906/77 Led Android Tv 4k 65  ,399599,MLA-TELEVISIONS,Philips
MLA1128916788,Smart Tv Philips 65 Led 4k Serie 7000 65pud7906/77 Android,414979,MLA-TELEVISIONS,Philips
MLA1198725835,Smart Tv Philips 65pud7906/77 Led 4k 65  110v/240v,329999,MLA-TELEVISIONS,Philips
MLA1427452744,Smart Tv 4k 65 Pulgadas Rca G65p8uhd Uhd Android Google Tv,351900,MLA-TELEVISIONS,RCA
MLA1395769798,Tv Noblex 50  Dk50x7500 Android 4k ,169999,MLA-TELEVISIONS,Noblex
MLA1144972594,Televison Samsung 65  Qled 4k Frame Ls03 + Marco Teca Marron,549999,MLA-TELEVISIONS,Samsung
MLA1340392244,Smart Tv 65 Pulgadas Skyworth 4k Ultra Hd Android Frameless ,329104,MLA-TELEVISIONS,Skyworth
MLA1365333019,Smart Tv Philips 65pud7906/77 Led Android Tv 4k 65,315999,MLA-TELEVISIONS,Philips
MLA1302510349,Smart Tv 4k 75 Samsung Crystal Bu8000 Un75bu8000 Tizen Csi,829999,MLA-TELEVISIONS,Samsung
MLA1465324302,Smart Tv Tcl 55p Android 4k Uhdl55p615f,215212,MLA-TELEVISIONS,TCL
MLA1465472464,Smart Tv Rca 50p 4k And50fxuhdf Android Tv,207337,MLA-TELEVISIONS,RCA
MLA1465484794,Smart Tv Tcl 50p 4k L50p725 Google Tv,189355,MLA-TELEVISIONS,TCL
MLA1129629597,Smart Tv Led 70  Philips 70pud7906/77 4k Ambilight Android,419638,MLA-TELEVISIONS,Philips
MLA1413414520,Smart Tv De 65 LG 65nano80sqa Ai Thinq Webos 22 4k Uhd,394999,MLA-TELEVISIONS,LG
MLA1372444975,Smart Tv Samsung 55'' Qn55ls03bagczbc Frame Art Mode Qled 4k,685999,MLA-TELEVISIONS,Samsung
MLA1275676516,Smart Tv Samsung 65  Qled 4k Q65b Qn65q65bagczb - Rex,590402,MLA-TELEVISIONS,Samsung
MLA1360601947,Tv Led 4k 55 Tcl L55p735 Ultra Hd Smart Google Tv,193999,MLA-TELEVISIONS,TCL
MLA1128880023,Smart Tv Samsung 65   Un65au7000gczb Led 4k ,353999,MLA-TELEVISIONS,Samsung
MLA1268086795,Smart Tv Hitachi Cdh-le654ksmart22 Led Android Pie 4k 65  100v/240v,299990,MLA-TELEVISIONS,Hitachi
MLA1158008688,Samsung 75  Crystal Uhd Bu8000,629999,MLA-TELEVISIONS,Samsung
MLA1219889481,Smart Tv Noblex Led 4k Nitid Uhd De 58 Series X7,215383,MLA-TELEVISIONS,Noblex
MLA1373382731,Smart Tv 65 4k Uled Hisense 65u70g,516779.01,MLA-TELEVISIONS,Hisense
MLA1157328575,Tv Aoc 50 Smart 4k Uhd Wifi Usb X 2   Hdmi X 3 50u6295/77g,174100,MLA-TELEVISIONS,AOC
MLA1130397854,Televisor Samsung Smart Tv Qn85q70aagczb Qled 4k 85  220v,999999,MLA-TELEVISIONS,Samsung
MLA1362551050,Tv Gaming Samsung 50  Neo Qled 4k Qn90b,489999,MLA-TELEVISIONS,Samsung
MLA1425537720,Smart Tv Samsung 85  Neo Qled 4k,2399000,MLA-TELEVISIONS,Samsung
MLA1435984712,Smart Tv Led Philips 65 4k Android Tv Google Assistant Apps,270000,MLA-TELEVISIONS,Philips
MLA1141666234,Smart Tv Samsung Series 7 Led 4k Uhd 55 Pulgadas Rex,248604,MLA-TELEVISIONS,Samsung
MLA1131166877,Samsung Televisor Inteligente Au7000 Uhd 4k De 70,424999,MLA-TELEVISIONS,Samsung
MLA1168758478,Smart Tv Philips 7000 Series 55pud7406/77 Led 4k 55  ,268199,MLA-TELEVISIONS,Philips
MLA1179556688,Smart Tv Tcl P725-series L50p725 Led 4k 50  220v - 240v,215999,MLA-TELEVISIONS,TCL
MLA1360763966,Smart Tv Led Tcl 50  L50p735 Google Tv,169999,MLA-TELEVISIONS,TCL
MLA1274430317,Smart Tv 65 Crystal 4k Uhd Samsung Hub Sonido 3d Un65bu8000,384998.9,MLA-TELEVISIONS,Samsung
MLA1185173299,Tv Smart Philips Led 75  Pud8507 Ultra Hd 4k,589999,MLA-TELEVISIONS,Philips
MLA1276068761,Smart Tv 4k Uhd 65 Samsung Crystal Bu8000 Un65bu8000 Prm,739999,MLA-TELEVISIONS,Samsung
MLA1384500636,Smart Tv Noblex Dr50x7550 Led Android Tv 4k 50  220v,218159,MLA-TELEVISIONS,Noblex
MLA1128273981,Smart Tv Samsung 85 Qn85q70aagczb Qled 4k Uhd Nuevo Garantía,999999,MLA-TELEVISIONS,Samsung
MLA1205591617, Smart Tv Noblex Db58x7500 58 Led 4k Android Tv Cuo,267149,MLA-TELEVISIONS,Noblex
MLA1291051718,Smart Tv Samsung Series 8 Un75bu8000gczb Led 4k 75 ,579499,MLA-TELEVISIONS,Samsung
MLA1418130716,Smart Tv Oled 4k 120 Hz LG Oled Ai Thinq 4k 55'' Oled55bxpsa,566986.6,MLA-TELEVISIONS,LG
MLA1205611850,Smart Tv LG Ai Thinq Oled77c1psa Webos 6.0 4k 77  100v/240v,2999999,MLA-TELEVISIONS,LG
MLA1301648799,Smart Tv Laser Hisense 100l9g 100  4k Hdr10,2700000,MLA-TELEVISIONS,Hisense
MLA1133518570,Smart Tv Sony X80j Series Kd-65x80j Lcd Android Tv 4k 65  110v/240v,909999,MLA-TELEVISIONS,Sony
MLA1363863497,Smart Tv Led 50  Telefunken Tk5022uk6 4k,146411,MLA-TELEVISIONS,Telefunken
MLA1381148173,Smart Tv LG Ai Thinq 43uq8050psb Lcd Webos 4k 43  Digiya ,161250,MLA-TELEVISIONS,LG
MLA1287496857,Smart Tv Samsung Crystal Uhd Un65bu8000gxzd Led,374999,MLA-TELEVISIONS,Samsung
MLA1214663013,Smart Tv Rca 55  And55p7uhd Ultra Hd Android Tv 100-240v ,192210,MLA-TELEVISIONS,RCA
MLA1143706940,Smart Tv Samsung Series 7 Un43au7000gczb Led 4k 43  _ap,241738,MLA-TELEVISIONS,Samsung
MLA1372356405,Tcl Led 55  7796941328695 Uhd Google Tv-rv,174999,MLA-TELEVISIONS,TCL
MLA908615269,Smart Tv Tcl L55c2 Led Android Tv 4k 55  100v/240v,268940,MLA-TELEVISIONS,TCL
MLA1199979125,Smart Tv Bgh B5522us6a Uled 4k 55  Android Tv,197113,MLA-TELEVISIONS,BGH
MLA1137733161,Smart Tv Noblex Dm50x7550 Led 4k 50  220v _ap,241500,MLA-TELEVISIONS,Noblex
MLA1143715379,Smart Tv Philips 7000 Series 50pud7406/77 Led 4k 50  _ap,254625,MLA-TELEVISIONS,Philips
MLA1214578377,Smart Tv Samsung Qn65q65bagxzd Qled Tizen 4k 65  100v/240v,472999,MLA-TELEVISIONS,Samsung
MLA1139312991,Smart Tv Philco 50 Pld50hs22 Ultra Hd Led,166079,MLA-TELEVISIONS,Philco
MLA1367912957,Tv Led 4k 50  Noblex Dk50x7500  Uhd Smart Netflix Tda,174611,MLA-TELEVISIONS,Noblex
MLA1406810328,Smart Tv Noblex Dk55x7500pi Led 4k 55'' Con Google Tv,213281,MLA-TELEVISIONS,Noblex
MLA1406822716,Smart Tv 4k Uhd 50 Pulgadas Rca C50and Android Dolby Hdr Voz,156980,MLA-TELEVISIONS,RCA
MLA1146166457,Smart Tv Samsung Series Q8 Qled 4k 55  100v/240v Stock Ya,699999,MLA-TELEVISIONS,Samsung
MLA1140326863,Smart Tv LG Ai Thinq Oled55bxpua Webos 4k 55  100v/240v,999999,MLA-TELEVISIONS,LG
MLA1369480653,Smart Tv 75'' Noblex | Dk75x7500 | 4k | Uhd,406200,MLA-TELEVISIONS,Noblex
MLA1381202877,Smart Tv LG 70  Oled65c2psa Ultra Hd Al Thinq Digiya ,975750,MLA-TELEVISIONS,LG
MLA1125933794,Smart Tv Enova 50d1u-tdf 4k 50 ,177149,MLA-TELEVISIONS,Enova
MLA1453206666,Smart Tv Android 4k 50 Pulgadas Rca And50p6uhd Google Bt Csi,222749,MLA-TELEVISIONS,RCA
MLA1158005024,Smart Tv 55  Bgh Android B5522us6a 4k Uhd,210999,MLA-TELEVISIONS,BGH
MLA1360371184,Smart Tv 50  Bgh B5022us6a Ultra Hd 4k Android,168479,MLA-TELEVISIONS,BGH
MLA1280847676,Led Noblex 65  Dk65x7500 X7 Series Google Tv 4k,393300,MLA-TELEVISIONS,Noblex
MLA1170976320,Televisor Samsung Smart Tv Led Fhd 40 Pulgadas Wifi Negro,189999,MLA-TELEVISIONS,Samsung
MLA1194802359,Smart Tv Samsung Series 7 Un50au7000gczb Led 4k 50  Netflix,201446,MLA-TELEVISIONS,Samsung
MLA1381123739,Smart Tv LG Ai Thinq 43uq8050psb Lcd Webos 4k 43 Digiya,224150,MLA-TELEVISIONS,LG
MLA1206586963,Televisor Smart Tv Philips 6600 Led 4k 50 Youtube Netflix,229999,MLA-TELEVISIONS,Philips
MLA1393677426,Smart Tv Tedge 50 Pulgadas Led Uhd Netflix Refabricado,189999,MLA-TELEVISIONS,Tedge
MLA1151038859,Smart Tv 58  Hyundai Hyled-58uhd5a 4k Ultra Hd,271999,MLA-TELEVISIONS,Hyundai
MLA1246196232,Smart Tv Qled 4k 65 Samsung Qn85b Qn65qn85ba 120hz Dolby Csi,979999,MLA-TELEVISIONS,Samsung
MLA1405927292,Smart Tv Enova 50 Pulgadas 4k Uhd Android Tv Center Hogar,169774.22,MLA-TELEVISIONS,Enova
MLA1369455287,Smart Tv Led 50  4k L50p735 Go - Tcl,164999,MLA-TELEVISIONS,TCL
MLA1164584823,Smart Tv Aoc 50u6295/77g Led 4k 50  220v,185275,MLA-TELEVISIONS,AOC
MLA1124836252,Smart Tv Philips 50pud7406/77 Led Hdr 4k Uhd 50 Android ,224689,MLA-TELEVISIONS,Philips
MLA1365603757,Smart Tv Skyworth 65suc9500 Android Tv 4k 65  220v,315999,MLA-TELEVISIONS,Skyworth
MLA1380314281,Smart Tv Led 55'' Tcl L55p735 4k Ultra Hd,275699,MLA-TELEVISIONS,TCL
MLA1259974959,Smart Tv Led Noblex Dk50x7500 4k 50'' Google Tv Netflix,191999,MLA-TELEVISIONS,Noblex
MLA1126678413,Smart Tv Philips 7000 Series 55pud7406/77 Led 4k 55  ,263849,MLA-TELEVISIONS,Philips
MLA1291719452,Smart Tv Led Noblex Dk75x7500 4k 75'' Google Tv Netflix ,399999,MLA-TELEVISIONS,Noblex
MLA1281945290,Smart Tv Samsung Series 6 Qn55q65bagczb Qled 4k 55  220v,479399,MLA-TELEVISIONS,Samsung
MLA1381050429,Smart Tv De 70 LG 70uq8050psb Ai Thinq Led Webos 4k Uhd,543999,MLA-TELEVISIONS,LG
MLA1233591004,Smart Tv Philips 65  Oled Android Tv 4k Oled Uhd,666599,MLA-TELEVISIONS,Philips
MLA1239749473,Smart Tv Samsung Neo Qled 4k 55  Qn55qn85bagczb,571999,MLA-TELEVISIONS,Samsung
MLA1128277936,Led Tv Philips 70  Pud7906/77 Smart Android 4k Ambilight,379999.24,MLA-TELEVISIONS,Philips
MLA1420469822,Smart Tv Rca 50  Google 4k And50p6uhd-f,197999,MLA-TELEVISIONS,RCA
MLA1369025569,Smart Tv Philips Led Android 10 4k 50  110v/240v Pcreg,236649,MLA-TELEVISIONS,Philips
MLA1132892172,Smart Tv Philips 7000 Series 55pud7406/77 Led 4k 55  Ranet,193159,MLA-TELEVISIONS,Philips
MLA1230527670,Smart Tv Noblex 75  4k Uhd Google Tv Netflix Youtube Star+,489399,MLA-TELEVISIONS,Noblex
MLA1149786263,Smart Tv Samsung Series 7 Un50au7000gczb Led 4k 50  Hdmi/usb,289999,MLA-TELEVISIONS,Samsung
MLA1160881974,Smart Tv Samsung Qled 55  Series 6 4k Q65b,346999,MLA-TELEVISIONS,Samsung
MLA1374885739,Smart Tv 50  Philips 50pud7406/77 Android Negro Envio Gratis,307083.18,MLA-TELEVISIONS,Philips
MLA1141684914,Smart Tv Samsung Series 7 Un50au7000gczb Led 4k 50 PuLG Rex,224948,MLA-TELEVISIONS,Samsung
MLA1442193702,Smart Skyworth 75  Led 4k Uhd Google Tv 75g22f-tdf,439999,MLA-TELEVISIONS,Skyworth
MLA1205626387,Smart Tv Philips 65  Oled Android Tv 4k Oled Uhd,659999,MLA-TELEVISIONS,Philips
MLA1198286157,Smart Tv Samsung Neo Qled Qn55qn85bagczb 4k 55,599999,MLA-TELEVISIONS,Samsung
MLA921730867,Led Smart Rca 55 Uhd 4k Android Tv Bluetooth Hdr Google Play,259899,MLA-TELEVISIONS,RCA
MLA1459709776,Smart Tv Led Nanocell 55 LG 55nano80sqa Webos 4k Uhd Gen5 Ai,321799,MLA-TELEVISIONS,LG
MLA1378832207,Smart Tv 55  Philips 7400 Series 55pud7406/77 Led 4k ,211799,MLA-TELEVISIONS,Philips
MLA1453352142,Smart Tv Samsung The Frame Qn55ls03bagxzs Qled Tizen 4k 55 ,489999,MLA-TELEVISIONS,Samsung
MLA1403397140,Tv Samsung 55  Eq Qled 4k Marco Nogal Marron,499999,MLA-TELEVISIONS,Samsung
MLA1414345906,Led Tv 43 LG 43uq8050psb Smart Ultra Hd Al Thinq,191159,MLA-TELEVISIONS,LG
MLA1330730548,Smart Tv Samsung Series 7 Un70au7000gczb Led 4k 70  ,515190,MLA-TELEVISIONS,Samsung
MLA1166205677,Smart Tv Rca Google 65 Ultra Hd 4k Android Youtube Netflix,295999,MLA-TELEVISIONS,RCA
MLA1309589905,Smart Tv Samsung 4k Neo Qled Qn85b 55  120hz Serie 8,599999,MLA-TELEVISIONS,Samsung
MLA1438660356,Smart Tv Rca 50 Pulgadas And50p6uhd-f 4k Led Google Tv,199999,MLA-TELEVISIONS,RCA
MLA1172536129,Televisor Smart Tv Samsung Series 7 Led 4k 50  Hdmi Usb Ref,159999,MLA-TELEVISIONS,Samsung
MLA1160355914,Smart Tv Samsung Series 6 Qn55q60aagczb Qled 4k 55 Hdmi/usb,657240,MLA-TELEVISIONS,Samsung
MLA1372357213,Smart Tv Samsung 55'' Qn55ls03bagczbc Frame Art Mode Qled 4k,494899,MLA-TELEVISIONS,Samsung
MLA1427458610,Smart Tv Rca G65p8uhd 65 Pulgadas 4k Uhd Google Tv Android,255000,MLA-TELEVISIONS,RCA
MLA1112794780,Tv Samsung 85  Qled 4k Smart Qn85q70aagczb Quantum Delta 1,919499,MLA-TELEVISIONS,Samsung
MLA1381211723,Tv Led Smart 60p 4k 6xst005 Crown Mustang,211520,MLA-TELEVISIONS,Crown Mustang
MLA1380255293,Led Smart Tv Google Tcl 50'' 4k Uhd L50p735,165999,MLA-TELEVISIONS,TCL
MLA1381190919,Smart Tv LG 70 Oled65c2psa Ultra Hd Al Thinq Digiya,1356250,MLA-TELEVISIONS,LG
MLA1428945012,Tcl Mini Led Uhd 55  Google Tv-rv,548999,MLA-TELEVISIONS,TCL
MLA1423139808,Smart Tv Rca 50 Pulgadas Android And50p6uhd-f Uhd 4k Otero,173518.94,MLA-TELEVISIONS,RCA
MLA1442896250,Smart Tv Hitachi Cdh-le504ksmart26-f Google Tv 4k 50  220v,247990,MLA-TELEVISIONS,Hitachi
MLA1192579039,Smart Tv Noblex Dm50x7550 Led 4k 50  220v,178205,MLA-TELEVISIONS,Noblex
MLA1411979680,Smart Tv LG Ai Thinq 65nano80spa Lcd Webos 6.0 4k 65 ,449999,MLA-TELEVISIONS,LG
MLA1372813625,Smart Tv LG Ai Thinq 43uq8050psb Lcd Webos 4k 43  100v/240v,151199,MLA-TELEVISIONS,LG
MLA1367590469,Tv Led 4k 50  Noblex Dk50x7500  Uhd Smart Netflix Tda,162999,MLA-TELEVISIONS,Noblex
MLA1233032334,Smart Tv Samsung 65 Pulgadas Qled 4k Q65b Qn65q65bagczb,472999,MLA-TELEVISIONS,Samsung
MLA1444361772,Smart Tv Samsung Series 7 Un55au7000gczb Led 4k 55 ,229999,MLA-TELEVISIONS,Samsung
MLA1366461891,Smart Tv LG 75up7760 75 Pulgadas Ultra Hd 4k Ai Thinq,591999,MLA-TELEVISIONS,LG
MLA1380732603,Smart Tv Samsung Series 7 Un50au7000gczb Led Tizen 4k 50 ,180000,MLA-TELEVISIONS,Samsung
MLA1365652759,Led Smart Tv 50'' Aoc 50u612577g Roku Tv 4k Uhd,221429,MLA-TELEVISIONS,AOC
MLA1130308697,Samsung Series Q Qn55q60r Qn55q60ragczb,499999,MLA-TELEVISIONS,Samsung
MLA1213200953,Smart Tv Philips 7000 Series 50pud7406/77 Led 4k 50'',237999,MLA-TELEVISIONS,Philips
MLA1371742095,Smart Tv LG Ai Thinq 60uq8050psb Led Webos 22 4k 60  ,262579,MLA-TELEVISIONS,LG
MLA1408527322,Smart Tv  Led 85   Qled  Qn85 Q70a Agczb,999999,MLA-TELEVISIONS,Samsung
MLA1293066404,Smart Tv Tcl 50  P725-series L50p725 Uhd 4k Google Tv,219999,MLA-TELEVISIONS,TCL
MLA1295491686,Smart Tv Samsung 75'' Uhd Serie Un75bu8000,692998.9,MLA-TELEVISIONS,Samsung
MLA1417271066,Smart Tv Qled 4k 55 Samsung Qn85b Qn55qn85ba 120hz Dolby Prm,1149999,MLA-TELEVISIONS,Samsung
MLA1378328437,Smart Tv Samsung The Frame Ls03b Qled 4k 65 Art Mode Soporte,649999,MLA-TELEVISIONS,Samsung
MLA1444338248,Smart Tv Samsung Series Ls Qn65ls03aagczbc Qled Tizen 4k 65  100v/240v,554999,MLA-TELEVISIONS,Samsung
MLA1112091888,Smart Tv Samsung 85 Qn85q70aagczb Qled 4k Techcel Nuevo Gtia,1059999,MLA-TELEVISIONS,Samsung
MLA1380230189,Led Smart Tv Google Tcl 50'' 4k Uhd L50p735,167659,MLA-TELEVISIONS,TCL
MLA1408985014,Smart Tv Led 50 Rca 4k Uhd Rca And50p6uhd Google Tv,194999,MLA-TELEVISIONS,RCA
MLA1461480846,Led Smart Tv Google Tcl 50'' 4k Uhd L50p735,234699,MLA-TELEVISIONS,TCL
MLA1380303191,Led Smart Tv Google Tcl 50'' 4k Uhd L50p735,232399,MLA-TELEVISIONS,TCL
MLA1411002136,Smart Tv Samsung The Frame Qled 4k 55  + Marco 55  Beige,499999,MLA-TELEVISIONS,Samsung
MLA1451299110,Smart Tv 50' Samsung Uhd ,251900,MLA-TELEVISIONS,Samsung
MLA1253978919,Smart Tv Philips 50  50pud7406 Android Tv. Color Negro,324812.92,MLA-TELEVISIONS,Philips
MLA1365900659,Smart Tv 55  LG 4k Oled Evo Oled55c2psa Ai Thinq 4 Hdmi ,1254418.85,MLA-TELEVISIONS,LG
MLA826840130,Protector De Pantalla Tv Led Smart 43,9999,MLA-TELEVISIONS,MEK
MLA1192719521,Smart Tv Philips Series 50pud7406/77 Led 4k 50  Brg,187969,MLA-TELEVISIONS,Philips
MLA1417033206,Smart Tv Kanji Kj-50st005 Led Android Kitkat 4k,212299,MLA-TELEVISIONS,Kanji
MLA1408978510,Televisor Smart Tv Tcl L50c635 Led 50  4k Ultra Hd Google Tv,241499,MLA-TELEVISIONS,TCL
MLA1148479944,Tv Smart LG Nanocell 55 4k 55nano80,333332,MLA-TELEVISIONS,LG
MLA1384676930,Smart Tv Led 50  4k L50p735 Go - Tcl,215999,MLA-TELEVISIONS,TCL
MLA1362084142,Samsung 55  The Frame Art Mode 4k Smart Tv Ls03b Blanco,499999,MLA-TELEVISIONS,Samsung
MLA1113583977,Smart Tv Samsung Qled 85 4k Qn85q70aagczb Serie 7,1074998.93,MLA-TELEVISIONS,Samsung
MLA1431958884,Smart Tv Samsung Series 8 Un65bu8000kxzl Led Tizen 4k 65  100v/240v,374999,MLA-TELEVISIONS,Samsung
MLA1464746434,Smart Tv LG Ai Thinq 70uq8050psb Led Webos 22 4k 70  Digiya,648750,MLA-TELEVISIONS,LG
MLA1464662186,Smart Tv LG Ai Thinq 70uq8050psb Led Webos 22 4k 70  Digiya,466750,MLA-TELEVISIONS,LG
MLA926287754,Zenith 55  Led Uhd-4k Smartv Hel-55st4k,250375,MLA-TELEVISIONS,Zenith
MLA1365603307,Smart Tv Enova 50 Pulgadas 4k Uhd Android Tv Frameless Cta,212999,MLA-TELEVISIONS,Enova
MLA1115825612,Smart Tv Kanji 9809b Dled 4k 60  220v,173600,MLA-TELEVISIONS,Kanji
MLA1427502036,Smart Tv Samsung Series 6 Qn55q65bagczb Qled 4k 55  220-240v,435599,MLA-TELEVISIONS,Samsung
MLA1427540528,Smart Tv Samsung Series 6 Qn55q65bagczb Qled 4k 55  220 240v,332519,MLA-TELEVISIONS,Samsung
MLA1362257380,Smart Tv 50  Bgh 4k B5022us6a Android Tv Hdmi Ultra Hd Negro,323999.1,MLA-TELEVISIONS,BGH
MLA1420460176,Smart Tv Philips 50  4k Android 7400 Series 50pud7406/77,199999,MLA-TELEVISIONS,Philips
MLA1364650315,Smart Tv 4k 50  Noblex Dk50x7500  ,165000,MLA-TELEVISIONS,Noblex
MLA1357318683,Smart Tv 65 Pulgadas 4k Ultra Hd 65bu8000 - Samsung,349499,MLA-TELEVISIONS,Samsung
MLA1169115669,Sharp Sh5020kuhd,411171.55,MLA-TELEVISIONS,Sharp
MLA1401088972,Smart Tv Noblex Dk65x6550pi Led Hdr 4k 65'' Vidaa,369599,MLA-TELEVISIONS,Noblex
MLA1375576767,Smart Tv Rca And50p6uhd Google Tv 4k 50 Bluetooth Chromecast,255999,MLA-TELEVISIONS,RCA
MLA1333414650,Smart Tv Tcl L55p735 Led 55  4k Ultra Hd Google Tv-rv,261799,MLA-TELEVISIONS,TCL
MLA1371411607,Tv Qled Frame 55p Qn55ls03bagczb Uhd Marco Beige Samsung,499999,MLA-TELEVISIONS,Samsung
MLA1317219928,Smart Tv Samsung Neo Qled 4k Qn55qn85bagczb Qled 4k 55 ,499999,MLA-TELEVISIONS,Samsung
MLA1323494821,Smart Tv Tcl L75p735 75 Pulgadas Google Tv 4k Hdr,474699,MLA-TELEVISIONS,TCL
MLA1201235177,Smart Tv LG Ai Thinq 70up7750psb Led 4k 70  100v/240v,516389,MLA-TELEVISIONS,LG
MLA1219821598,Smart Tv Noblex Led 4k Nitid Uhd De 58 Series X7,299989,MLA-TELEVISIONS,Noblex
MLA1425618148,Smart Tv Samsung Neo Qled 4k Qn55qn85bagczb Qled Tizen 4k 55,589999,MLA-TELEVISIONS,Samsung
MLA1428898200,Smart Tv Tcl 55 Pulgadas L55c835 Serie C835 144hz Hdr10,649999,MLA-TELEVISIONS,TCL
MLA1169687076,Samsung 65  Neo Qled 4k Qn85b,766999,MLA-TELEVISIONS,Samsung
MLA1346680925,Smart Tv Tcl 55  4k Uhd Hdr Google Tv Control De Voz,208999,MLA-TELEVISIONS,TCL
MLA1376362539,Smart 50 Tedge,125000,MLA-TELEVISIONS,Tedge
MLA1372396417,Smart Tv LG Ai Thinq 43uq8050psb Lcd Webos 4k 43  100v/240v,169999,MLA-TELEVISIONS,LG
MLA1391805930,Smart Tv Philips 7000 Series 50pud7406/77 Android 10 4k 50 C,226049,MLA-TELEVISIONS,Philips
MLA1379695829,Smart Tv Bgh B5522fs6a 4k,259085,MLA-TELEVISIONS,BGH
MLA1370229069,Smart Tv Rca And50p6uhd-f Led Google Tv 4k 50  100v/240v,272307.47,MLA-TELEVISIONS,RCA
MLA1398471032,Smart Tv Samsung Series 7 Un50au7000gczb Led Tizen 4k 50  ,209999,MLA-TELEVISIONS,Samsung
MLA1185374835,Smart Tv Samsung Qn55q65bagxzd Qled 4k 55  100v/240v Nuevo,379999,MLA-TELEVISIONS,Samsung
MLA1370333271,Smart Tv Samsung 55 Qled 4k,956999,MLA-TELEVISIONS,Samsung
MLA1381424513,Smart Tv 65  Led 4 K Samsung Crystal Un65bu8000gxzd Tizen,440991,MLA-TELEVISIONS,Samsung
MLA1381496409,Smart Tv ,190000,MLA-TELEVISIONS,BGH
MLA1426303344,Smart Tv LG 86 Pulgadas 4k Real Uhd Ai Thinq Uq9050,1069499,MLA-TELEVISIONS,LG
MLA1428726392,Smart Tv Tcl 55 Pulgadas L55c835 4k Serie C835 144hz,499999,MLA-TELEVISIONS,TCL
MLA1376606105,Smart Tv Hitachi Cdh-le554ksmart26 Led Android Tv 4k 55  ,305558.44,MLA-TELEVISIONS,Hitachi
MLA1213208245,Smart Tv Noblex Dm55x7550 Led 4k 55  220v,223979,MLA-TELEVISIONS,Noblex
MLA1362482565,Smart Tv LG Ai Thinq 70up7750psb Led 4k 70  100v/240v,399999,MLA-TELEVISIONS,LG
MLA1418555272,Smart Tv Noblex 50  91dm50x7550 4k Android Tv,255915,MLA-TELEVISIONS,Noblex
MLA1381440311,Televisor Samsung 55  Bea-h Crystal Uhd 4k Business Tv,299999,MLA-TELEVISIONS,Samsung
MLA1420052598,Smart Tv 75  Philips Uhd 4k,782055,MLA-TELEVISIONS,Philips
MLA1143681084,Smart Tv Samsung Series 7 Qn65q70aagczb Qled 4k 65  _ap,611626,MLA-TELEVISIONS,Samsung
MLA1187542601,Smart Tv Hitachi 65  Cdh-le654ksmart24 Google Tv 4k,391946,MLA-TELEVISIONS,Hitachi
MLA1442386236,Smart Tv Samsung Series 8 Un75bu8000g Led 4k 75',749999,MLA-TELEVISIONS,Samsung
MLA1133754279,Smart Tv Philips 50  50pud7406/77,176999,MLA-TELEVISIONS,Philips
MLA1381424517,Smart Tv 65 Led 4 K Samsung Crystal Un65bu8000gxzd Tizen,670990,MLA-TELEVISIONS,Samsung
MLA1465375418,Televisor Samsung 55  Bea-h Crystal Uhd 4k Business Tv,249999,MLA-TELEVISIONS,Samsung
MLA1229230007,Smart Tv Bgh B5522us6a 55 PuLG. 4k Ultra Hd Center Hogar,209813.1,MLA-TELEVISIONS,BGH
MLA1434497328,Smart Tv Rca Google 50  Ultra Hd 4 K Android Youtube Netflix,164995,MLA-TELEVISIONS,RCA
MLA1132165181,Smart Tv Hitachi 65  Cdh-le654ksmart24 Google Tv 4k,296929,MLA-TELEVISIONS,Hitachi
MLA1184780402,Smart Tv Philips 7000 Series 50pud7406/77 Led 4k 50  110/240,233441.01,MLA-TELEVISIONS,Philips
MLA1381301036,Smart Tv Samsung 65  Crystal Uhd Bu8000,539999,MLA-TELEVISIONS,Samsung
MLA1405777408,Televisor Samsung 65 Bea-h Crystal Uhd 4k Business Tv Getbox,394898.9,MLA-TELEVISIONS,Samsung
MLA1396123322,Smart Tv 55  Samsung Qled 4k Qn55q65bagczb Quantum Dot,583221.32,MLA-TELEVISIONS,Samsung
MLA1384477880,Smart Tv Hitachi 50 Cdh-le504ksmart26 Google Tv,219239,MLA-TELEVISIONS,Hitachi
MLA1441110872,Smart Tv LG 70 Pulgadas Uhd 4k 70up7750 Thinq Ai Nuevo Gtia,459999,MLA-TELEVISIONS,LG
MLA1159855658,Smart Tv Noblex 50  91dm50x7550 4k Android Tv,327015,MLA-TELEVISIONS,Noblex
MLA1434387404,Smart Tv 4k Led 50 Pulgadas Telefunken Tk5020uk6 Uhd Hdmi,199999,MLA-TELEVISIONS,Telefunken
MLA1381517825,Smart Tv Led De 65 LG Evo Oled65c2psa Ai Pro 4k Oled Webos,1121999,MLA-TELEVISIONS,LG
MLA1381522903,Smart Tv Led De 65 LG Oled65c2psa Ai Pro 4k Oled Webos Cts,1570800,MLA-TELEVISIONS,LG
MLA1367485372,Samsung 65 The Frame Art Mode 4k Smart Tv Ls03b Beige,649999,MLA-TELEVISIONS,Samsung
MLA1166760421,Smart Tv  50   Samsung Series 7 Un50au7000gczb Led 4k,212900,MLA-TELEVISIONS,Samsung
MLA1395824506,Smart Tv Tcl 50  P725-series L50p725 Led 4k Refabricado,149999,MLA-TELEVISIONS,TCL
MLA1378116987,Smart Tv 65 Pulgadas 4k Ultra Hd 65bu8000 - Samsung,457014,MLA-TELEVISIONS,Samsung
MLA1214139254,Smart Tv Samsung 55  Qn55q80aagczb Qled 4k,614100,MLA-TELEVISIONS,Samsung
MLA1381428459,Smart Tv Noblex 58p 4k Db58x7500,227815,MLA-TELEVISIONS,Noblex
MLA1438178850,Smart Tv 50 Bgh 4k Uhd Led Android B5022us6a,220458,MLA-TELEVISIONS,BGH
MLA1299632300,Smart Tv Tcl P725-series L50p725 Led 4k 50  220v - 240v,179189,MLA-TELEVISIONS,TCL
MLA1368535553,Smart Tv Samsung The Frame Serie B '23 4k 55'' + Marco Nogal,499999,MLA-TELEVISIONS,Samsung
MLA1157046513,Smart Tv Rca And55fxuhd Lcd 4k 55  220v - 240v,253899,MLA-TELEVISIONS,RCA
MLA1376143755,Smart Tv Led 65  Bgh B6522us6a 4k Android,327918,MLA-TELEVISIONS,BGH
MLA1160004469,Smart Tv LG Ai Thinq 50up7750psb 50   Lcd 4k U-hd  100v/240v,323999,MLA-TELEVISIONS,LG
MLA1151593788,Smart Tv Philips 7000 Series 50pud7406/77 Led 4k 50,194499.07,MLA-TELEVISIONS,Philips
MLA1154163306,Smart Tv Tcl P725-series L50p725-f Led 4k 50  Uhd Google,371576.75,MLA-TELEVISIONS,TCL
MLA1327763218,Smart Tv Samsung Crystal Uhd Un65bu8000gxzd Led 4k 65p Cts,469999,MLA-TELEVISIONS,Samsung
MLA1205592364,Smart Tv Led Ultra Hd Resolucion 4k 40'' Samsung Refabricado,199999,MLA-TELEVISIONS,Samsung
MLA1370333569,Smart Tv Samsung 75 Crystal Uhd,1001999,MLA-TELEVISIONS,Samsung
MLA1434439020,Smart Tv Rca Google 50  Ultra Hd 4 K Android Youtube Netflix,164995,MLA-TELEVISIONS,RCA
MLA1464407988,Tv LG Uhd 50  4k Smart Thinq Ai 50uq8050psb (2022),190950,MLA-TELEVISIONS,LG
MLA1181173665,Smart Tv 70 Samsung Series 7 Tvun70au7000gczb 4k,584999,MLA-TELEVISIONS,Samsung
MLA1211991509,Smart Tv Philips 65  Oled Android Tv 4k Oled Uhd,923999,MLA-TELEVISIONS,Philips
MLA1124253383,Smart Tv Tcl Series C71 55c715 Qled 4k 55  100v/240v,528638,MLA-TELEVISIONS,TCL
MLA1380323207,Smart Tv Led 55'' Tcl L55p735 4k Ultra Hd,196949,MLA-TELEVISIONS,TCL
MLA1334555982,Smart Noblex 50  91dk50x6550 4k ,167998.8,MLA-TELEVISIONS,Noblex
MLA1148418483,Smart Tv Noblex Dm55x7550 Led 4k 55,193999,MLA-TELEVISIONS,Noblex
MLA1368923679,Smart Tv LG Evo Oled55c2psa Webos 22 4k 55  ,889799,MLA-TELEVISIONS,LG
MLA1376446113,Smart Tv Roku 4k 50 Pulgadas Aoc 50u6125 Hdr Wifi Dolby Prm,249999,MLA-TELEVISIONS,AOC
MLA1220964321,Samsung Smart Tv Led 55 Pulgadas 4k Un55mu6100 Refabricado,189999,MLA-TELEVISIONS,Samsung
MLA1435275600,Smart Tv Noblex Dk65x7500 Led Google Tv 4k 65 Cuo,410999,MLA-TELEVISIONS,Noblex
MLA1262697780,Smart Tv Samsung Qled 4k 55'' Refabricado,599999,MLA-TELEVISIONS,Samsung
MLA1233487068,Smart Tv 60 Pulgadas Kodak Full Hd 4k Led Tv We-6xst005 ,474075,MLA-TELEVISIONS,Kodak
MLA1360500437,Smart Tv Noblex Dr50x7550 Led 4k 50  220v,171999,MLA-TELEVISIONS,Noblex
MLA1370584537,Smart Tv Samsung Series 7 Un65au7000gczb Led Tizen 4k 65    ,459999,MLA-TELEVISIONS,Samsung
MLA1191808906,Smart Tv Rca And50fxuhd Led 4k 50  100v/240v,170774,MLA-TELEVISIONS,RCA
MLA1279979526,Smart Tv Samsung 4k Neo Qled Qn90b 43  Gaming Qn43qn90bagczb,407999,MLA-TELEVISIONS,Samsung
MLA1378318377,Smart Tv Samsung The Frame Ls03b Qled 4k 55 Art Mode Soporte,499999,MLA-TELEVISIONS,Samsung
MLA1418620002,Smart Tv Samsung 55  Qn55q65bagczb 4k Qled Hdr,719220.47,MLA-TELEVISIONS,Samsung
MLA1172297455,Smart Tv Samsung Series 7 Led 4k 50  Negro Netflix Hbo Ref,239999,MLA-TELEVISIONS,Samsung
MLA1338152099,Smart Tv Oled 4k 120 Hz Oled55bxpsa Nuevo,520000,MLA-TELEVISIONS,LG
MLA1381190002,Smart Tv Samsung 65 Pulgadas Crystal Uhd Bu8000,379999,MLA-TELEVISIONS,Samsung
MLA1463736492,Smart Tv Bgh 65 Led Android Pne040265,308938,MLA-TELEVISIONS,BGH
MLA1117194849,Smart Tv Samsung Series 7 Un50au7000gczb Led 4k 50  ,244990,MLA-TELEVISIONS,Samsung
MLA1439925878,Led Smart Google Tv Rca 50'' 4k Uhd And50p6uhd,219199,MLA-TELEVISIONS,RCA
MLA1393697442,Led Smart Tv 50'' Aoc 50u612577g Roku Tv 4k Uhd,223639,MLA-TELEVISIONS,AOC
MLA1144090208,Smart Tv Philips 7000 Series 50pud7406/77 Led 4k 50  110v,186989,MLA-TELEVISIONS,Philips
MLA1395912776,Smart Tv Tcl 50 Pulgadas Led 4k Google Tv Refabricado,149999,MLA-TELEVISIONS,TCL
MLA1443921034,Smart Tv 65 Bgh Ultra Hd 4k Android,534999,MLA-TELEVISIONS,B.G.H.
MLA1146518681,Smart Tv Samsung Series 7 Un50au7000gczb Led 4k 50  ,345468,MLA-TELEVISIONS,Samsung
MLA1412834662,Smart Tv Samsung The Frame Serie B '23 4k 65'' + Marco Nogal,649999,MLA-TELEVISIONS,Samsung
MLA1160375265,Smart Tv Samsung Series 6 Qn55q60aagczb Qled 4k 55  Hdmi/usb,451169,MLA-TELEVISIONS,Samsung
MLA1417712382,Smart Tv Samsung 55  Qn55q65bagczb 4k Qled Hdr ,539416.13,MLA-TELEVISIONS,Samsung
MLA1193987480,Smart Tv 50  Bgh B5022us6a Android 4k Uhd,173728,MLA-TELEVISIONS,BGH
MLA1357339726,Business Tv Samsung 65 Bea-h Crystal Uhd 4k Smart Tv Negocio,396999,MLA-TELEVISIONS,Samsung
MLA1425258400,Smart Tv Samsung Series 6 Qn55q65bagczb Qled Tizen 4k 55 ,325799,MLA-TELEVISIONS,Samsung
MLA1459848058,Smart Tv LG Ai Thinq 60uq8050psb Led Webos 4k 60 Pulgadas,278999,MLA-TELEVISIONS,LG
MLA1133405790,Samsung Series 7 55  4k Un55au7000g Un55au7000gczb,303990,MLA-TELEVISIONS,Samsung
MLA1427452202,Smart Tv Rca G65p8uhd 65 Pulgadas 4k Uhd Google Tv Android,255000,MLA-TELEVISIONS,RCA
MLA1123713979,Smart Tv LG Ai Thinq 86un8000psb Led Webos 4k 86  100v/240v,1999999,MLA-TELEVISIONS,LG
MLA1387411860,Smart Tv Led Nano Cell 65p 65nano80sqa LG,519999,MLA-TELEVISIONS,LG
MLA1246235058,Smart Tv Qled 4k 65 Samsung Qn85b Qn65qn85ba 120hz Dolby Prm,1399999,MLA-TELEVISIONS,Samsung
MLA883571618,Smart Tv Samsung Qn55q60aagczb Qled 4k 55 PuLG. Watchcenter,489000,MLA-TELEVISIONS,Samsung
MLA1148730650,Smart Tv Noblex Dk55x6550 Uhd Led,220889,MLA-TELEVISIONS,Noblex
MLA1220962132,Led Smart Tv 55  Daihatsu Dht55ch 4k Uhd Google Tv,250899,MLA-TELEVISIONS,Daihatsu
MLA1376879487,Tv Samsung Qn90a ,400000,MLA-TELEVISIONS,Samsung
MLA1214689310, Smart Tv Noblex Db58x7500 58 Led 4k Android G Oficial Cuota,266373.36,MLA-TELEVISIONS,Noblex
MLA1372261997,Smart Tv Samsung 55  The Frame Art Mode Qled 4k Uhd Ls03b,582999,MLA-TELEVISIONS,Samsung
MLA1128236018,Smart Tv LG Ai Thinq 55nano80spa Led 4k 55  100v/240v,428199,MLA-TELEVISIONS,LG
MLA1134339565,Smart Tv Samsung Series 7 Un65au7000gczb Led 4k 65  _ap,467457,MLA-TELEVISIONS,Samsung
MLA1151456632,Smart Tv Samsung Series7 Un50au7000gczb Led/4k 50  220v-240v,250000,MLA-TELEVISIONS,Samsung
MLA1361085608,Smart Tv Tedge Led 50 Pulgadas Ntv504k Led 4k 50  Netflix,199999,MLA-TELEVISIONS,Tedge
MLA1367527019,Smart Tv Samsung 65 Bu8000 4k Hdr Bluetooth Xbox Game Pass,374999,MLA-TELEVISIONS,Samsung
MLA1192727310,Smart Tv Noblex Dm50x7550 Led 4k 50,208930,MLA-TELEVISIONS,Noblex
MLA1449899440,Smart Tv Noblex Dq75x9500pi Qled 4k 75'' Black Series Con Google Tv,689900,MLA-TELEVISIONS,Noblex
MLA1130416091,Qled Samsung Smart Tv 55 Ultrahd 4k Hdr En Stock Ya!!!!,499999,MLA-TELEVISIONS,Samsung
MLA921729768,Led Smart Rca 55 Uhd 4k Android Tv Bluetooth Hdr Google Play,199899,MLA-TELEVISIONS,RCA
MLA1131174415,Smart Tv Philips 70pud7906/77 Led 4k 70  110v/240v ,378418.94,MLA-TELEVISIONS,Philips
MLA1272810568,Smart Tv Hyundai Hyled-50uhd5a 4k 50  220v,220116.6,MLA-TELEVISIONS,Hyundai
MLA1428952466,Smart Tv LG 55nano80sqa Led Webos 22 4k 55 ,333332,MLA-TELEVISIONS,LG
MLA1373322279,Smart Tv Samsung The Frame Qled 4k 55'' Tizen + Marco Beige,499990,MLA-TELEVISIONS,Samsung
MLA1406420814,Smart Tv Motorola 50 Led Mt50y003a1b 4k Android Tv,165857,MLA-TELEVISIONS,Motorola
MLA1429271826,Smart Tv Samsung 55'' Qn55ls03bagczbc Frame Art Mode Qled 4k,489999,MLA-TELEVISIONS,Samsung
MLA1220778187,Smart Tv Samsung Led 55 Pulgadas 4k Refabricado,189999,MLA-TELEVISIONS,Samsung
MLA1378197297,Smart Tv Hitachi Cdh-le554ksmart26 Led Android Tv 4k 55  ,259999,MLA-TELEVISIONS,Hitachi
MLA1215256888,Smart Tv Noblex Dr55x7550 Led 4k 55'' Con Android Tv,211161,MLA-TELEVISIONS,Noblex
MLA1316623032,Smart Tv Hisense 65u70g Uled 4k 65',529999,MLA-TELEVISIONS,Hisense
MLA1229491839,Smart Tv Samsung Series 6 Qn55q60aagczb Qled 4k 55  220v ,452498,MLA-TELEVISIONS,Samsung
MLA1288682355,Tcl Led 55  L55p735 Uhd Google Tv-rv,244800,MLA-TELEVISIONS,TCL
MLA1144442093,Smart Tv Philips 50pud7406/77 Led 4k 50  Ultra Hd Android Tv,169581.24,MLA-TELEVISIONS,Philips
MLA1395088106,Smart Tv Samsung Neo Qled 4k Qn55qn85bagczb Tizen 4k 55 ,1012306.44,MLA-TELEVISIONS,Samsung
MLA1144976360,Smart Tv Candy 50  Sv1300 4k Android,167958.89,MLA-TELEVISIONS,Candy
MLA1419641442,Smart Tv Samsung Series 7 Qn85q70aagczb Qled Tizen 4k 85 ,999999,MLA-TELEVISIONS,Samsung
MLA1237172956,Smart Tv Led Televisor 65 Candy 65gtv1400 Android 4k Wifi,302605,MLA-TELEVISIONS,Candy
MLA1167827876,Smart Tv Led 55  Samsung 4k 60hz Un55au7000gczb Mexx 2,335469,MLA-TELEVISIONS,Samsung
MLA1364677063,Smart Tv Samsung 65 Pulgadas Neo Qled 4k Ultra Hd Qn85b,766999,MLA-TELEVISIONS,Samsung
MLA1214656342, Smart Tv Noblex Db58x7500 58  Led 4k Android Gtia Oficial,207328.68,MLA-TELEVISIONS,Noblex
MLA1146531349,Smart Tv Samsung Series 7 Un50au7000gczb Led 4k 50  ,265086,MLA-TELEVISIONS,Samsung
MLA1220019003,Smart Tv Samsung 4k Qled Q65b 55  Hdr Qn55q65bagczb,346999,MLA-TELEVISIONS,Samsung
MLA1409621624,Smart Tv Samsung 55 Neo Qled 4k Uhd Qn55qn85ba Nuevo 6 Cts,799999,MLA-TELEVISIONS,Samsung
MLA1221065210,Smart Tv Samsung Serie 6 55 Pulgadas Led Uhd 4k Refabricado,249999,MLA-TELEVISIONS,Samsung
MLA1192725447,Smart Tv Philips  Series 50pud7406/77 Led 4k 50  110v/240v,187969,MLA-TELEVISIONS,Philips
MLA1418894510,Smart Tv LG Ai Thinq 65nano80spa Lcd Webos 6.0 4k 65  ,439999,MLA-TELEVISIONS,LG
MLA1369480573,Smart Tv Led 50  4k L50p735 Go - Tcl,206999,MLA-TELEVISIONS,TCL
MLA1221176043,Smart Tv Samsung Qled 65'' 4k Uhd Refabricado,499999,MLA-TELEVISIONS,Samsung
MLA1144779747,Smart Tv Samsung 70 Led 4k Series 7 Bluetooth Hdmi X3 - Rex,526230,MLA-TELEVISIONS,Samsung
MLA1185463292,Smart Tv Samsung Series 7 Un50ru7100gczb Led 4k 50 220v,259999,MLA-TELEVISIONS,Samsung
MLA1438176870,Smart Tv LG Ai Thinq 43uq8050psb Lcd Webos 4k 43  100v/240v,179990,MLA-TELEVISIONS,LG
MLA1191774705,Smart Tv Noblex Dq65x9500pi Qled 4k 65'' Black Series Con Google Tv,385559.89,MLA-TELEVISIONS,Noblex
MLA1215425201,Smart Tv Samsung Series 8 Qn55q80aagxzs Qled 4k 55 Mexx 2,620989,MLA-TELEVISIONS,Samsung
MLA1437353948,Smart Tv 50  Bgh Android 4k Uhd B5022us6a,175999,MLA-TELEVISIONS,BGH
MLA1453366290,Smart Tv Samsung The Frame Qn55ls03bagxzs Qled Tizen 4k 55 ,692899,MLA-TELEVISIONS,Samsung
MLA1441098266,Smart Tv LG 70 Pulgadas Uhd 4k 70up7750 Thinq Ai Nuevo 3 Cts,529999,MLA-TELEVISIONS,LG
MLA1375574033,Smart Tv 4k Ultra 65 Led LG Nano Cell Thinq Ai 65nano80sqa,499999,MLA-TELEVISIONS,LG
MLA1446886710,Smart Tv Led 65  Hitachi Cdh-le654ksmart26-f 4k Google Tv,398999,MLA-TELEVISIONS,Hitachi
MLA1443920846,Smart Tv 65 Bgh Ultra Hd 4k Android,419999,MLA-TELEVISIONS,B.G.H.
MLA1363271145,Smart Tv Rca X50andtv 4k 50  100v/240v,198899,MLA-TELEVISIONS,RCA
MLA1368576751,Smart Tv Samsung Frame 55 Pulgadas Qled 4k Qn55ls03ba 6 Cts,599999,MLA-TELEVISIONS,Samsung
MLA1145350952,Smart Tv LG Ai Thinq Oled65a1psa Webos 6.0 4k 65  100v/240v,1599999,MLA-TELEVISIONS,LG
MLA1133505597,Smart Tv Sony Kd-75x80j Lcd Android Tv 4k 75  110v/240v,1209999,MLA-TELEVISIONS,Sony
MLA1417713298,Smart Tv Samsung Series 8 Qled Tizen 4k 55  220v - 240v,856978.97,MLA-TELEVISIONS,Samsung
MLA1214336187,Smart Tv 65 Pulgadas Ultra Hd 4k Con Android Netflix Youtube,407452.5,MLA-TELEVISIONS,Kanji
MLA1213323897,Smart Tv Noblex Dm55x7550 Led 4k 55  Brg ,223979,MLA-TELEVISIONS,Noblex
MLA1302471509,Smart Tv 4k Uhd 75 Samsung Crystal Bu8000 Un75bu8000 Prm,1159999,MLA-TELEVISIONS,Samsung
MLA926195489,Smart Tv Hisense H5018uh6 Led 4k 50  100v/240v,179990,MLA-TELEVISIONS,Hisense
MLA1380217363,Smart Tv Led 55'' Tcl L55p735 4k Ultra Hd,272999,MLA-TELEVISIONS,TCL
MLA1156511179,Smart Tv Rca X65andtv Led 4k 65  100v/240v,361799,MLA-TELEVISIONS,RCA
MLA1365622047,Smart Tv Led Ultra Hd 50 Pulgadas Tedge Refabricado,189999,MLA-TELEVISIONS,Tedge
MLA1418613148,Smart Tv Rca And50p6uhd-f Led Google Tv 4k 50  100v/240v,179839,MLA-TELEVISIONS,RCA
MLA1439371418,Smart Tv Noblex Dk75x7500 4k Ultra Hd 75 Pulgadas,520999,MLA-TELEVISIONS,Noblex
MLA1360994546,Smart Tv Tedge Led 50 Pulgadas Ntv504k Led 4k 50  Youtube,199999,MLA-TELEVISIONS,Tedge
MLA1373666599,Smart Tv Telefunken 50  4k Uhd Tk5022uk6 - Rex,147292,MLA-TELEVISIONS,Telefunken
MLA1404599648,Smart Tv LG Ai Thinq 55nano80spa Led Webos 6.0 4k 55'',340999,MLA-TELEVISIONS,LG
MLA1377049049,Smart Tv 65'' 4k Uhd Rca G65p8uhd Android Google Chromecast ,434999,MLA-TELEVISIONS,RCA
MLA1292438486,Smart Tv 60 Pulgadas Kodak Ultra Hd 4k Led Tv We-6xst005,229998,MLA-TELEVISIONS,Kodak
MLA1372201119,Smart Tv 55 Pulgadas 4k Ultra Hd LG 55nano80sqa,369999,MLA-TELEVISIONS,LG
MLA1111782577,Smart Tv Samsung Series Q Qn55q70tagxzd Qled Tizen 4k 55  100v/240v,599999,MLA-TELEVISIONS,Samsung
MLA1380624005,Smart Tv Samsung Series 7 Qn85q70tagczb Qled Tizen 4k 85  ,975000,MLA-TELEVISIONS,Samsung
MLA1299905472,Led LG 98 Super Ultra Hd 4k Unicos Garantia En Stock Ya!!!!!,9999999,MLA-TELEVISIONS,LG
MLA1444362610,Smart Tv Samsung The Frame Qn65ls03aagczbb Qled Tizen 4k 65  100v/240v,554999,MLA-TELEVISIONS,Samsung
MLA1302517560,Smart Tv Philips 70pud7906/77 Led 4k 70  110v/240v,527999,MLA-TELEVISIONS,Philips
MLA1373141822,Tv Noblex Smart 50 4k Dm50x7550 Led Android Tv,215970,MLA-TELEVISIONS,Noblex
MLA1453473720,Smart Tv LG Ai Thinq 60uq8050psb Led Webos 22 4k 60  ,285999,MLA-TELEVISIONS,LG
MLA1126633349,Smart Tv Samsung 55 Uhd Led 4k Au7000 Gtía Bidcom 12 Meses,326599,MLA-TELEVISIONS,Samsung
MLA1149767812,Smart Tv Samsung Series 7 Un50au7000gczb Led 4k 50 Hdmi/usb,423999,MLA-TELEVISIONS,Samsung
MLA1418823608,Smart Tv Samsung Series 6 Qn55q65bagczb Qled Tizen 4k 55  ,388490,MLA-TELEVISIONS,Samsung
MLA1174990230,Smart Tv Philips 7000 Series 50pud7406/77 Led 4k 50  ,187969,MLA-TELEVISIONS,Philips
MLA1452305300,Smart Tv Tcl 50  4k Hdr Google Tv L50p735-f 220v,175999,MLA-TELEVISIONS,TCL
MLA1423027380,Smart Tv Samsung Neo Qled 4k Qn65qn85bagczb Qled Tizen 65  ,768999,MLA-TELEVISIONS,Samsung
MLA1368889155,Smart Tv LG Uhd 43uq8050psb Thinq Ai 43,189999,MLA-TELEVISIONS,LG
MLA1272835742,Smart Tv 55  Neo Qled 4k Ultra Hd Qn85b Samsung,599999,MLA-TELEVISIONS,Samsung
MLA1378241937,Smart Tv Samsung The Frame Qn55ls03bagxzs Qled Tizen 4k 55 ,494899,MLA-TELEVISIONS,Samsung
MLA1363245061,Smart Tv Samsung Series 8 Un75bu8000gczb Led 4k 75  ,629999,MLA-TELEVISIONS,Samsung
MLA1265144614,Smart Tv 4k 70 Pulgadas Samsung Au7000 Un70au7000 Tizen Csi,589999,MLA-TELEVISIONS,Samsung
MLA1364490719,Smart Tv Tcl Led 55 L55p735 Uhd Google Tv-rv Cuo,253449,MLA-TELEVISIONS,TCL
MLA1125727495,Smart Tv LG Ai Thinq 70up7750psb Led 4k 70 Cuo,569919,MLA-TELEVISIONS,LG
MLA1362071953,Smart Tv 4k Uhd 50  Telefunken Tk5022uk6,143999,MLA-TELEVISIONS,Telefunken
MLA1412905312,Smart Tv Philips Led Android 10 4k 55  110v/240v Pcreg,281289,MLA-TELEVISIONS,Philips
MLA1320243243,Samsung 43  Uhd 4k Smart Tv Au7000 Refabricado,149999,MLA-TELEVISIONS,Samsung
MLA1376470939,Smart Tv LG 70  Uhd Smart Hdr 70un7750,431999,MLA-TELEVISIONS,LG
MLA1206584240,Smart Tv Led Ultra Hd 40 Samsung Un40ju6000 Refabricado,139999,MLA-TELEVISIONS,Samsung
MLA1293072769,Smart Tv Samsung Series 6 Qn55q65bagczb Qled 4k 55  ,421430,MLA-TELEVISIONS,Samsung
MLA1419142854,Smart Tv Led 50  4k L50p735 Go - Tcl,316708.97,MLA-TELEVISIONS,TCL
MLA1439045576,Smart Tv 50  Philips 50pud7406/77 Android Negro Envio Gratis,409444.68,MLA-TELEVISIONS,Philips
MLA1453388236,Smart Tv Samsung The Frame Qn55ls03bagxzs Qled Tizen 4k 55 ,685999,MLA-TELEVISIONS,Samsung
MLA1438274288,Smart Tv Samsung 55 Pulgadas Os Tizen 55au7000 4k,254078.94,MLA-TELEVISIONS,Samsung
MLA1266551375,Smart Tv Samsung Uhd Crystal 75  Serie Bu8000,920624,MLA-TELEVISIONS,Samsung
MLA1371174042,Smart Tv Samsung Neo Qled 4k 65  Qn65qn85bagczb,766999,MLA-TELEVISIONS,Samsung
MLA1319838920, Samsung Smart Tv Led Ultra Hd 50 Pulgadas Refabricado,209999,MLA-TELEVISIONS,Samsung
MLA1375903780,Smart Tv Led 50  4k L50p735 Go - Tcl Uhd Google Tv,188039,MLA-TELEVISIONS,TCL
MLA1394818368,Smart Tv Samsung Series 6 Qn55q65bagczb Qled Tizen 4k 55  ,520343.01,MLA-TELEVISIONS,Samsung
MLA1361940453,Smart Tv 50 Philips Led Pud 7406/77 4k,195280,MLA-TELEVISIONS,Philips
MLA1371014679,Smart Tv Samsung The Frame Qn55ls03bagxzs Qled Tizen 4k 55  ,525000,MLA-TELEVISIONS,Samsung
MLA1410198386,Smart Tv Samsung Series 7 Un50au7000gczb Led Tizen 4k 50  ,235025,MLA-TELEVISIONS,Samsung
MLA1391733422,Smart Tv Led 50  4k L50p735 Go - Tcl Cuo,226049,MLA-TELEVISIONS,TCL
MLA1372972126,Smart Tv Samsung Series 6 Qn55q65bagczb Qled 4k 55  220v,325999,MLA-TELEVISIONS,Samsung
MLA1323492641,Philips Smart Tv Led 50 Pulgadas 4k Ultra Hd Refabricado,229999,MLA-TELEVISIONS,Philips
MLA1375944382,Smart Tv Led 50  4k L50p735 Go - Tcl,244690,MLA-TELEVISIONS,TCL
MLA1391804682,Smart Tv Samsung Qled 55 Pulgadas Os Tizen 55q65bagczb 4k,391878.94,MLA-TELEVISIONS,Samsung
MLA1131338068,Smart Tv Samsung Series 7 Led 4k 50  220v - 240v,323899,MLA-TELEVISIONS,Samsung
MLA1323537731,Smart Tv Led Uhd 50 Philips 50pud740677 Refabricado,149999,MLA-TELEVISIONS,Philips
MLA1283526858,Smart Tv Tcl L50p735 Ultra Hd 4k 50  Google Tv,184840.63,MLA-TELEVISIONS,TCL
MLA1395926324,Televisor Samsung 65  Bea-h Crystal Uhd 4k Business Tv,396999,MLA-TELEVISIONS,Samsung
MLA1433343920,Smart Tv Samsung 75  4k Dynamic Crystal Color Uhd Bu8000,845999,MLA-TELEVISIONS,Samsung
MLA1372334787,Smart Tv LG Ai Thinq 60uq8050psb Led Webos 22 4k 60 Cuo,410999,MLA-TELEVISIONS,LG
MLA1316635768,Smart Tv Hisense 65u60h Uled 4k 65'' Con Google Tv,404999,MLA-TELEVISIONS,Hisense
MLA1218951978,Smart Tv LG 86uq9050psc De 86 Pulgadas 4k Real Uhd Ai Thinq,999999.9,MLA-TELEVISIONS,LG
MLA1416949458,Smart Tv Neo Qled 4k 55 Samsung Qn85b Qn55qn85ba 120hz Dolby,599999,MLA-TELEVISIONS,Samsung
MLA1386216450,Smart Tv Samsung Series 6 Qn55q65bagczb Qled Tizen 4k 55  ,349999,MLA-TELEVISIONS,Samsung
MLA897015663,Televisor Led Smart 55´ Rca X55andtv - Aj Hogar,255925.89,MLA-TELEVISIONS,RCA
MLA1433225770,Smart Tv Samsung 55 Pulgadas The Frame Qn55ls03bagczbc Marco,499999,MLA-TELEVISIONS,Samsung
MLA1429403222,Smart Tv Telefunken 50 4k Tk5022 Sintonizador Digital,149999,MLA-TELEVISIONS,Telefunken
MLA1291832916,Smart Tv 4k Led Noblex 65  Google Dk65x7500,572839,MLA-TELEVISIONS,Noblex
MLA1150170925,Smart Tv Uhd 4k 65   Bgh Android B6522us6a,295999,MLA-TELEVISIONS,BGH
MLA1432937492,Smart Tv Samsung The Frame Qled 4k 55'' Tizen + Marco Beige,679620,MLA-TELEVISIONS,Samsung
MLA1395922964,Smart Tv Samsung 50  Series 7 Un50au7000gczb Led Tizen 4k,197999,MLA-TELEVISIONS,Samsung
MLA1373705593,Smart Tv Telefunken 50  4k Uhd Tk5022uk6,173536,MLA-TELEVISIONS,Telefunken
MLA1434380020,Smart Tv 50  Enova Te50ua10 4k/android/frameless,158400,MLA-TELEVISIONS,Enova
MLA1281241245,Smart Tv Qled Samsung 55  Procesador Quantum 4k Tizen Hdr,381899,MLA-TELEVISIONS,Samsung
MLA1272850576,Smart Tv Hyundai Hyled-58uhd4 4k 58  220v,217499,MLA-TELEVISIONS,Hyundai
MLA1394913942,Smart Tv 75  Samsung 4k Uhd Un75bu8000gczb Negro,1135497.32,MLA-TELEVISIONS,Samsung
MLA1136912451,Philco Pld50us21a,165499,MLA-TELEVISIONS,Philco
MLA1375366419,Smart Tv Neo Qled 4k Qn85qn85aagxzd Qled Tizen 4k 85  ,900000,MLA-TELEVISIONS,Samsung
MLA1414262560,Smart Tv Telefunken 50 4k Tk5022 Sintonizador Digital 220v,169999,MLA-TELEVISIONS,Telefunken
MLA1206584424,Samsung Smart Tv Led Ultra Hd Resolucion 4k 40'' Refabricado,139999,MLA-TELEVISIONS,Samsung
MLA1375870117,Smart Tv 65 Hitachi 4k Android,508999,MLA-TELEVISIONS,Hitachi
MLA1370695247,Smart Tv LG 55nano80sqa Led Webos 22 4k 55  100v/240v,603300.47,MLA-TELEVISIONS,LG
MLA1200100413,Eq Tv Samsung 55  Qled 4k Serie Q65b,346999,MLA-TELEVISIONS,Samsung
MLA1365815041,Smart Tv 50  LG 50up7750 4k Uhd Ai Thinq,342790.82,MLA-TELEVISIONS,LG
MLA1275708606,Smart Tv Samsung 65  Qled 4k Q65b Qn65q65bagczb,799489,MLA-TELEVISIONS,Samsung
MLA1374714081,Smart Tv LG Ai Thinq 70uq8050psb Led Webos 22 4k 70  Jmc,699900,MLA-TELEVISIONS,LG
MLA1366308325,Smart Tv Samsung Series 7 Un55au7000gczb Led Tizen 4k 55,437079.47,MLA-TELEVISIONS,Samsung
MLA1144600377,Smart Tv Samsung Series 7 Un55au7000gczb Led 4k 55  240v,582703.97,MLA-TELEVISIONS,Samsung
MLA1427407396,Smart Tv 4k 65 Pulgadas Rca G65p8uhd Uhd Android Google Tv,351900,MLA-TELEVISIONS,RCA
MLA1376143759,Smart Tv Led 65  Bgh B6522us6a 4k Android A12,417299,MLA-TELEVISIONS,BGH
MLA1371901081,Televisor 55 Samsung Frame Art Mode 4k Qled+ Marco Blanco,499999,MLA-TELEVISIONS,Samsung
MLA1361683390,Smart Tv Samsung 65  Uhd Bluetooth Wifi Un65bu8000 - Rex,631447,MLA-TELEVISIONS,Samsung
MLA1218990766,Smart Tv LG 86uq9050psc 86 PuLG 4k Real Uhd Ai Thinq ,1319999.9,MLA-TELEVISIONS,LG
MLA1359447896,Smart Tv Tcl P725-series L50p725 Led 4k 50  Spotify Youtube,199999,MLA-TELEVISIONS,TCL
MLA1262639819,Samsung Smart Tv Qled 4k 55'' Pulgadas Refabricado,799999,MLA-TELEVISIONS,Samsung
MLA1373517961,Smart Tv LG 75´´ Ultra Hd 75up7760,520000,MLA-TELEVISIONS,LG
MLA1214057953,Smart Tv Samsung 55puLG Qled 4k Qn55q65bagczb,399048.85,MLA-TELEVISIONS,Samsung
MLA1180031485,Smart Tv Noblex Dm50x7550 Led 4k 50  220v,225964.8,MLA-TELEVISIONS,Noblex
MLA1288029027,Televisor Smart Tv Noblex 65 4k Dk65x6500,258662,MLA-TELEVISIONS,Noblex
MLA1141679105,Smart Tv Samsung Series 7 Un50au7000gczb Led 4k 50 PuLG,304505.99,MLA-TELEVISIONS,Samsung
MLA1425399036,Smart Tv Samsung Series 8 Un65bu8000gczb Led Tizen 4k 65  ,374999,MLA-TELEVISIONS,Samsung
MLA1272637389,Smart Tv Hyundai Hyled-58uhd4 4k 58  220v,300149,MLA-TELEVISIONS,Hyundai
MLA1205612253,Samsung Smart Tv 40'' Led Ultra Hd Resolucion 4k Refabricado,199999,MLA-TELEVISIONS,Samsung
MLA1264219882,Smart Tv Rca And50fxuhd Led 4k 50  100v/240v,179839,MLA-TELEVISIONS,RCA
